latitude,longitude,price,neighborhood,room_type,number_of_reviews
40.64981604753894,-73.94446012134841,269,Bronx,Private room,69
40.88028572256397,-73.8374297157865,440,Brooklyn,Private room,115
40.79279757672456,-73.73811624923708,212,Queens,Private room,78
40.73946339367881,-73.78033253407713,488,Queens,Private room,184
40.56240745617698,-73.75803165564157,269,Staten Island,Entire home/apt,147
40.56239780813448,-73.80236498998678,319,Staten Island,Entire home/apt,8
40.52323344486728,-73.79231703064464,169,Manhattan,Shared room,31
40.84647045830997,-73.74524130453041,443,Manhattan,Private room,131
40.74044600469728,-73.92509959734224,385,Manhattan,Shared room,49
40.78322903111842,-73.85317251090706,449,Staten Island,Entire home/apt,81
40.50823379771832,-73.93363716745412,231,Staten Island,Entire home/apt,4
40.88796394086479,-73.703699597601,155,Staten Island,Shared room,147
40.83297705632017,-73.71678219809402,266,Queens,Private room,86
40.58493564427131,-73.98817195658945,254,Staten Island,Private room,125
40.57272998688284,-73.7883274482453,119,Queens,Private room,74
40.573361803941374,-73.7224255047753,93,Manhattan,Private room,164
40.62169689718382,-73.9458273964618,378,Manhattan,Shared room,21
40.709902572652894,-73.82961643083421,350,Manhattan,Shared room,185
40.67277800745685,-73.7253535107236,277,Brooklyn,Entire home/apt,67
40.61649165607922,-73.98981620642427,233,Brooklyn,Private room,43
40.74474115788895,-73.79077391982595,156,Bronx,Private room,33
40.55579754426082,-73.91079529778824,133,Bronx,Private room,76
40.61685785941409,-73.72268114138704,387,Bronx,Shared room,41
40.64654473731748,-73.70868252645039,299,Brooklyn,Private room,136
40.682427993686815,-73.71672005326597,412,Brooklyn,Shared room,105
40.814070384557205,-73.85773573500276,490,Bronx,Private room,94
40.57986951286335,-73.7413872047032,70,Bronx,Private room,134
40.70569377536545,-73.74663518043948,245,Staten Island,Entire home/apt,67
40.736965827544815,-73.90426985802702,227,Bronx,Private room,146
40.518580165088,-73.7513253577548,466,Staten Island,Private room,158
40.74301794076057,-73.98889770958536,56,Queens,Entire home/apt,127
40.568209649474916,-73.82111903645539,119,Brooklyn,Shared room,162
40.526020637194115,-73.93099734881369,176,Bronx,Shared room,184
40.87955421490133,-73.96382993426681,448,Brooklyn,Private room,84
40.886252813229824,-73.97691403951124,209,Brooklyn,Shared room,188
40.82335893924658,-73.79111336723656,297,Brooklyn,Private room,158
40.62184550766935,-73.89803751086959,252,Queens,Entire home/apt,82
40.53906884560255,-73.78256996854137,197,Manhattan,Entire home/apt,94
40.77369321060486,-73.98039309776031,192,Bronx,Private room,180
40.67606099749584,-73.90541289865082,481,Manhattan,Entire home/apt,31
40.54881529393791,-73.8381526122874,248,Manhattan,Entire home/apt,65
40.69807076404451,-73.76278305054831,454,Manhattan,Private room,186
40.51375540844609,-73.90437424912038,475,Brooklyn,Private room,115
40.86372816083151,-73.8122325870689,203,Staten Island,Entire home/apt,137
40.60351199264001,-73.73420667552915,425,Brooklyn,Shared room,129
40.76500891374159,-73.81524104354531,433,Brooklyn,Shared room,193
40.624684430435764,-73.93011215757392,191,Manhattan,Private room,59
40.70802720847112,-73.99267976553304,362,Brooklyn,Private room,16
40.71868411173731,-73.73897033782973,214,Manhattan,Shared room,95
40.57394178221021,-73.99361917674489,363,Staten Island,Entire home/apt,143
40.887833851105825,-73.73758949819474,70,Bronx,Shared room,15
40.810053129344446,-73.84131885979184,131,Manhattan,Shared room,45
40.875799576625674,-73.71827969044614,118,Staten Island,Shared room,166
40.85793094017106,-73.7603650292679,180,Bronx,Shared room,158
40.73915999152443,-73.70061976684,136,Queens,Private room,106
40.868749694009246,-73.89478645536448,267,Manhattan,Private room,87
40.535397000820765,-73.76984351332067,470,Manhattan,Entire home/apt,128
40.578393144967656,-73.87942072591723,354,Queens,Entire home/apt,138
40.518090915564215,-73.85603731390883,452,Queens,Entire home/apt,118
40.630132132305306,-73.81174836103449,420,Manhattan,Entire home/apt,84
40.65547091587579,-73.7378968657441,394,Queens,Shared room,3
40.608539612709556,-73.70477495924021,390,Brooklyn,Private room,70
40.83149500366077,-73.76951797584064,433,Bronx,Private room,153
40.64270133067743,-73.8746699653498,445,Bronx,Entire home/apt,110
40.61237380387495,-73.87359289931688,494,Bronx,Entire home/apt,49
40.717078433263296,-73.77872530952334,474,Brooklyn,Shared room,139
40.55636968998991,-73.9283668562695,210,Queens,Shared room,94
40.82087879230161,-73.96685776606058,227,Staten Island,Entire home/apt,91
40.52982025747191,-73.89361335270777,166,Queens,Private room,64
40.894754774640205,-73.91382830250377,245,Manhattan,Private room,46
40.80889790771866,-73.9111075638632,432,Bronx,Private room,180
40.57948627261367,-73.92991767468503,376,Queens,Entire home/apt,105
40.50220884684944,-73.98737204310909,135,Staten Island,Private room,198
40.82618457138193,-73.99463781957998,338,Manhattan,Shared room,129
40.78274293753905,-73.70368328307919,130,Brooklyn,Shared room,105
40.79160286721639,-73.87166805987924,201,Brooklyn,Entire home/apt,23
40.80850813867438,-73.88470200585209,110,Staten Island,Shared room,3
40.529617860693634,-73.79610581519208,110,Manhattan,Entire home/apt,107
40.643386291417706,-73.93452383364048,403,Bronx,Private room,18
40.54634762381005,-73.71501164481494,77,Queens,Private room,153
40.84524137035024,-73.76409649567533,491,Manhattan,Private room,39
40.74931925073102,-73.97317669930632,92,Brooklyn,Shared room,49
40.63235920994106,-73.87472576726452,218,Staten Island,Entire home/apt,170
40.52542334011441,-73.73626450773135,472,Staten Island,Private room,74
40.62439292868626,-73.71658039331258,135,Queens,Entire home/apt,194
40.630073328810695,-73.85977954662503,226,Staten Island,Private room,11
40.79184247133522,-73.81597658323679,66,Staten Island,Shared room,194
40.75502298854209,-73.94988981617237,147,Manhattan,Shared room,26
40.85488509703053,-73.7026494121589,247,Bronx,Entire home/apt,112
40.68888597006478,-73.93049848958496,147,Queens,Shared room,181
40.54783769837532,-73.71718046775946,114,Manhattan,Shared room,193
40.7852979148892,-73.80510600530229,379,Bronx,Entire home/apt,48
40.80431401944676,-73.81767896153634,390,Manhattan,Private room,143
40.7245108790278,-73.84619344669505,54,Manhattan,Shared room,129
40.808386871981824,-73.93079905648467,51,Staten Island,Entire home/apt,59
40.697518238545754,-73.94704159039834,71,Bronx,Shared room,181
40.709093131752795,-73.93385413727894,161,Queens,Shared room,29
40.671016407343416,-73.94406852135673,106,Queens,Shared room,83
40.51016765069764,-73.76612465792998,115,Bronx,Shared room,165
40.54315657079732,-73.89496242224998,379,Staten Island,Entire home/apt,27
40.512571674274696,-73.98264719703099,147,Brooklyn,Entire home/apt,24
40.75456416450551,-73.70926921095776,193,Manhattan,Entire home/apt,95
40.62574239243053,-73.73486423451098,417,Staten Island,Shared room,124
40.70342827646588,-73.72167431504144,484,Bronx,Shared room,9
40.86302658957044,-73.70152765320607,174,Manhattan,Shared room,187
40.59971689165955,-73.94783142523416,216,Queens,Entire home/apt,41
40.66415316921425,-73.8811273943292,135,Brooklyn,Shared room,39
40.80222045541722,-73.77252845728877,125,Queens,Private room,76
40.59151926619665,-73.79119381458386,393,Bronx,Shared room,104
40.53079196393152,-73.95383122809804,473,Manhattan,Private room,117
40.615900581165505,-73.75525006250281,343,Bronx,Shared room,41
40.564488514901605,-73.932667828449,493,Manhattan,Entire home/apt,46
40.871879060937026,-73.93285471555322,108,Staten Island,Shared room,164
40.823248151825766,-73.83890767313197,187,Brooklyn,Private room,21
40.75336150260417,-73.82211801954749,148,Staten Island,Private room,184
40.848584236075084,-73.82597413764866,241,Staten Island,Shared room,106
40.82146883075964,-73.97255394878067,292,Bronx,Private room,26
40.57462802355441,-73.73676174121088,368,Brooklyn,Private room,40
40.85702359939599,-73.9203199872234,98,Manhattan,Entire home/apt,79
40.71573689676626,-73.96114552361516,497,Manhattan,Shared room,161
40.82297606206562,-73.73337557603931,81,Queens,Shared room,159
40.858436519969395,-73.71330455053108,440,Manhattan,Shared room,88
40.62720138998875,-73.74136171482037,326,Bronx,Private room,65
40.54402076981107,-73.75714517758254,69,Staten Island,Shared room,11
40.59117406501677,-73.80342740580829,203,Staten Island,Shared room,167
40.6708431154505,-73.83474278881727,432,Staten Island,Entire home/apt,72
40.827205906368995,-73.97390397202658,117,Brooklyn,Entire home/apt,75
40.84429223330254,-73.87746403607879,415,Manhattan,Entire home/apt,89
40.502780852212474,-73.8881934448963,421,Bronx,Private room,9
40.704298921031025,-73.9220738648719,263,Brooklyn,Shared room,95
40.66696440125951,-73.78297396589343,192,Queens,Entire home/apt,175
40.588843124188294,-73.85123727947636,425,Bronx,Entire home/apt,19
40.54794614693347,-73.9756861352277,281,Bronx,Entire home/apt,38
40.63504606856145,-73.93394503941505,262,Bronx,Shared room,59
40.877163881565004,-73.79502237090212,128,Staten Island,Shared room,65
40.6292811728083,-73.9771607421529,263,Bronx,Shared room,64
40.707516248697345,-73.74463792578537,165,Manhattan,Private room,178
40.78120758355807,-73.85145604189582,141,Bronx,Private room,123
40.645451840951715,-73.85582402680201,319,Staten Island,Entire home/apt,163
40.888712833088384,-73.82227766460214,460,Bronx,Shared room,151
40.884978917976845,-73.75259571022245,430,Queens,Entire home/apt,154
40.600712918330146,-73.89565723762934,217,Queens,Shared room,129
40.69889940235695,-73.79659515423228,107,Staten Island,Shared room,158
40.620351323926705,-73.83028041080127,333,Manhattan,Shared room,56
40.61393619775099,-73.91989151894917,75,Manhattan,Private room,77
40.514754778941814,-73.73641100409345,418,Brooklyn,Private room,193
40.743825733591954,-73.76077219351792,496,Staten Island,Shared room,28
40.701071609291546,-73.80246444960247,115,Bronx,Entire home/apt,14
40.5205915005,-73.74482548127173,458,Staten Island,Shared room,11
40.61145858569464,-73.73981173971207,297,Brooklyn,Shared room,100
40.86330635438666,-73.78749110698548,303,Staten Island,Entire home/apt,155
40.595824756266786,-73.7488960014909,436,Staten Island,Shared room,83
40.55795794883649,-73.79075856149922,93,Brooklyn,Entire home/apt,124
40.69578110411103,-73.79595776847191,146,Manhattan,Private room,102
40.89426018164424,-73.81441658653544,91,Bronx,Private room,23
40.5968221086046,-73.7741850081327,276,Brooklyn,Entire home/apt,148
40.76885421896235,-73.95241846841208,311,Queens,Private room,137
40.80464784613149,-73.73573877224032,216,Manhattan,Private room,109
40.59505501759696,-73.73844694167643,485,Queens,Entire home/apt,77
40.79128653944474,-73.99122581508963,328,Manhattan,Private room,100
40.6471132530877,-73.75225497483058,138,Bronx,Shared room,145
40.75292233223743,-73.96133903975797,428,Bronx,Shared room,141
40.753411884304356,-73.89946434372226,227,Staten Island,Entire home/apt,161
40.7143098736299,-73.77694752311253,476,Queens,Private room,127
40.53611590802176,-73.95177203118551,452,Manhattan,Shared room,57
40.8341209982357,-73.75460989276428,246,Bronx,Shared room,75
40.62831202598869,-73.75035974661267,356,Brooklyn,Private room,149
40.57460740415994,-73.84775967987176,316,Bronx,Private room,197
40.516310056621904,-73.99808423848495,317,Brooklyn,Shared room,35
40.736357177275295,-73.91388856004752,123,Manhattan,Shared room,172
40.77102574473691,-73.81492192448728,57,Bronx,Entire home/apt,163
40.506635131571144,-73.70564414659178,457,Bronx,Entire home/apt,21
40.704837223319714,-73.810455941895,346,Manhattan,Shared room,126
40.59059831007917,-73.92205892568076,213,Bronx,Entire home/apt,79
40.75806911616378,-73.80979828907012,134,Brooklyn,Shared room,188
40.569746571601996,-73.83800438608525,121,Bronx,Shared room,99
40.77637509524099,-73.76604638145466,104,Queens,Entire home/apt,183
40.65469413852021,-73.96790580835192,442,Staten Island,Entire home/apt,95
40.87469199549469,-73.77169162924939,96,Brooklyn,Private room,160
40.555008377658396,-73.83762002639718,448,Queens,Private room,172
40.6364265404201,-73.7111023988423,481,Manhattan,Private room,163
40.545389408496234,-73.8974383501884,287,Brooklyn,Shared room,147
40.869877447311424,-73.81021343205981,153,Staten Island,Entire home/apt,17
40.850935741352394,-73.720391568347,259,Staten Island,Shared room,37
40.60317665108606,-73.9692470816028,91,Manhattan,Entire home/apt,194
40.76399361841367,-73.71883145382907,365,Manhattan,Shared room,150
40.82688888008048,-73.79363428330976,317,Brooklyn,Private room,108
40.722080324639784,-73.97964888226845,435,Bronx,Private room,122
40.7118602313424,-73.90971092991596,312,Manhattan,Private room,143
40.59674091636018,-73.78754837340642,385,Bronx,Shared room,186
40.53724110712236,-73.97979481955937,436,Queens,Entire home/apt,196
40.85888630318133,-73.82534886194712,414,Staten Island,Entire home/apt,195
40.86016722286533,-73.89623508291412,308,Bronx,Private room,148
40.75324058290931,-73.81372534466976,332,Staten Island,Private room,103
40.63561191641948,-73.98627738985624,163,Bronx,Private room,197
40.63968382984506,-73.7385389581543,412,Queens,Private room,139
40.7903822715481,-73.70795330924679,89,Manhattan,Entire home/apt,143
40.85884410398103,-73.70933664341429,466,Queens,Shared room,80
40.85483456970604,-73.77510445047713,269,Manhattan,Shared room,86
40.81195021834305,-73.96097412796081,178,Manhattan,Shared room,141
40.75681265846171,-73.7725210412213,57,Staten Island,Shared room,60
40.53365598599802,-73.99262392506236,150,Queens,Private room,198
40.564651485637846,-73.9933629345413,465,Bronx,Private room,45
40.85942167541083,-73.90291693425515,429,Queens,Private room,31
40.74257162386383,-73.8534070428786,225,Staten Island,Shared room,14
40.503678820646655,-73.76887777465767,156,Manhattan,Private room,43
40.54058861714641,-73.79501138701805,150,Staten Island,Private room,144
40.765400707643224,-73.86622918808698,309,Brooklyn,Entire home/apt,168
40.50202463353849,-73.9179120001155,415,Brooklyn,Entire home/apt,53
40.564323220567,-73.70086264995268,295,Bronx,Private room,43
40.719493515746635,-73.87214560932921,324,Staten Island,Entire home/apt,97
40.77675807907708,-73.8645838927011,81,Bronx,Entire home/apt,4
40.76078450380104,-73.9509128536425,186,Bronx,Private room,108
40.58970772378422,-73.76155713537503,61,Brooklyn,Private room,26
40.78487168853901,-73.79189533226555,444,Bronx,Private room,115
40.59489963499872,-73.93376911616338,351,Brooklyn,Private room,86
40.63015987926371,-73.97528568631525,424,Manhattan,Shared room,103
40.79859656204721,-73.79585020937759,65,Staten Island,Shared room,122
40.759853159618885,-73.80364663571567,178,Bronx,Private room,78
40.83968936419767,-73.91802214190054,112,Brooklyn,Entire home/apt,42
40.763045156920136,-73.71474093132488,158,Queens,Private room,96
40.727323441334185,-73.95468263246573,424,Bronx,Private room,30
40.53746990713124,-73.87029955968723,70,Manhattan,Entire home/apt,98
40.647086321223775,-73.71691522394973,207,Manhattan,Shared room,16
40.60608094707269,-73.87408180492217,318,Queens,Private room,82
40.597595857351635,-73.80844221570078,211,Brooklyn,Private room,109
40.889204221900975,-73.88072168061116,309,Bronx,Shared room,181
40.65723908986671,-73.9177354392954,461,Brooklyn,Shared room,189
40.85681862207085,-73.70480670561206,151,Manhattan,Entire home/apt,31
40.752455450398905,-73.8771997981055,272,Brooklyn,Shared room,167
40.81792452141666,-73.73177023889626,108,Manhattan,Shared room,140
40.701054837242076,-73.93101361823267,296,Brooklyn,Shared room,34
40.73076155385054,-73.93606858879248,177,Queens,Entire home/apt,132
40.697007077527545,-73.99065977513465,332,Staten Island,Shared room,28
40.57809719511922,-73.80449995238723,374,Queens,Shared room,69
40.7889808461046,-73.88944209688287,74,Queens,Entire home/apt,152
40.61230894497634,-73.74069252504812,180,Staten Island,Shared room,94
40.50972638657258,-73.85803702799254,402,Staten Island,Shared room,21
40.75818891836287,-73.70954197162558,245,Bronx,Entire home/apt,193
40.570844271762816,-73.94434234528906,330,Bronx,Private room,172
40.87618343374116,-73.73941304961332,453,Queens,Entire home/apt,68
40.88157143080103,-73.76702094416248,467,Queens,Shared room,88
40.86594575608818,-73.76872344660678,203,Manhattan,Shared room,71
40.64806348010218,-73.74656503156494,431,Manhattan,Shared room,128
40.50618264661155,-73.7716928027171,182,Bronx,Entire home/apt,171
40.87132742503509,-73.81213390351057,276,Bronx,Shared room,86
40.67127365932693,-73.96062653669529,238,Manhattan,Shared room,95
40.88666192761747,-73.99024214615262,314,Manhattan,Entire home/apt,74
40.8854479908357,-73.7237456456553,421,Brooklyn,Private room,166
40.841203782186945,-73.81500490564378,483,Brooklyn,Private room,53
40.617779556827834,-73.76103881270716,183,Manhattan,Shared room,87
40.65403909144077,-73.85554329454624,260,Brooklyn,Entire home/apt,156
40.84045466860674,-73.96480754331128,109,Staten Island,Shared room,53
40.62676880206251,-73.96244426233923,477,Bronx,Entire home/apt,15
40.56779709867444,-73.7943304138313,426,Bronx,Entire home/apt,98
40.722720504983336,-73.87090823153017,444,Manhattan,Private room,19
40.87446190966431,-73.9398425819899,499,Queens,Private room,45
40.77841191866999,-73.85252163597757,480,Manhattan,Entire home/apt,194
40.72802446803575,-73.98073731887746,413,Brooklyn,Shared room,192
40.53887059750831,-73.82540857942568,413,Queens,Private room,126
40.74600289067967,-73.91930197866947,262,Brooklyn,Shared room,57
40.8960215400417,-73.76073226980884,265,Staten Island,Private room,180
40.55603360609461,-73.90689141232293,275,Brooklyn,Private room,110
40.707331860945494,-73.86343395527545,180,Staten Island,Shared room,128
40.85094922877118,-73.99651383802757,125,Staten Island,Private room,80
40.79630744710168,-73.97826593366163,335,Brooklyn,Private room,193
40.77880629639811,-73.882251933078,326,Brooklyn,Shared room,156
40.78099363359484,-73.85601834958486,205,Staten Island,Private room,83
40.6437964604879,-73.8199938355642,297,Queens,Private room,69
40.617436737705795,-73.9125012263872,267,Staten Island,Private room,7
40.82374446219141,-73.79150543416203,239,Bronx,Shared room,28
40.82404535787167,-73.74196328084324,466,Staten Island,Entire home/apt,111
40.84682892743204,-73.766044703332,212,Queens,Shared room,178
40.86529622102259,-73.9881143523955,229,Bronx,Entire home/apt,160
40.70453695954438,-73.85584791582265,83,Manhattan,Private room,130
40.70060651787488,-73.96852094647454,90,Manhattan,Entire home/apt,187
40.81931807158671,-73.92738649524124,356,Queens,Shared room,162
40.7599855723111,-73.70400122201985,480,Staten Island,Shared room,196
40.78078675090308,-73.95725133712955,387,Brooklyn,Private room,107
40.81831706777444,-73.85033355396459,363,Queens,Entire home/apt,108
40.85600213672703,-73.81455327970457,124,Bronx,Private room,19
40.63519806274061,-73.78926050883678,490,Bronx,Private room,72
40.650233181055974,-73.83210539495393,328,Manhattan,Shared room,166
40.537592775936346,-73.99706874577424,225,Bronx,Entire home/apt,3
40.731312056398465,-73.9020616075268,433,Queens,Entire home/apt,18
40.514376909518695,-73.84468650698459,199,Bronx,Entire home/apt,101
40.68623920725298,-73.97364005025655,322,Queens,Entire home/apt,172
40.71705785388303,-73.89481192063725,374,Brooklyn,Private room,170
40.61461650085131,-73.99003906736259,157,Manhattan,Private room,140
40.73633330422761,-73.9764264508535,188,Bronx,Shared room,140
40.51220009997562,-73.88092301713952,399,Queens,Private room,187
40.514939275499685,-73.96018527378708,320,Staten Island,Private room,184
40.82904022426386,-73.82973774552154,396,Manhattan,Shared room,85
40.6440762565645,-73.79316050925883,468,Brooklyn,Shared room,51
40.550824205060756,-73.75982399026728,338,Queens,Shared room,110
40.708897304021924,-73.93995492672656,261,Brooklyn,Private room,180
40.80799742123944,-73.94975522532228,430,Brooklyn,Private room,108
40.58632841099874,-73.96862964789968,321,Bronx,Shared room,85
40.7491561903276,-73.80907092513691,467,Bronx,Shared room,42
40.53413898599751,-73.78805728205393,115,Queens,Shared room,199
40.52067268846744,-73.99052415655231,473,Staten Island,Private room,199
40.71254185262726,-73.7191363261269,297,Queens,Private room,41
40.71625404864404,-73.98440861490455,205,Staten Island,Entire home/apt,89
40.754971960599285,-73.83761109940968,96,Brooklyn,Private room,114
40.790436533489064,-73.78728184416472,472,Manhattan,Private room,25
40.89034083178501,-73.73870926287617,250,Queens,Private room,150
40.706520139320475,-73.78577392036027,197,Queens,Shared room,42
40.629182589176494,-73.75948157507906,173,Staten Island,Private room,76
40.81807447790748,-73.89816494223716,50,Brooklyn,Shared room,155
40.60833290050483,-73.75555246587605,296,Brooklyn,Entire home/apt,136
40.67558856828225,-73.9759655460846,392,Staten Island,Entire home/apt,19
40.531382552536904,-73.73155500318184,177,Brooklyn,Shared room,183
40.510140297366185,-73.83572228715389,240,Bronx,Shared room,38
40.88505936587117,-73.75481066901125,116,Manhattan,Shared room,178
40.83439204820488,-73.86430451464452,53,Queens,Private room,11
40.77838968243748,-73.80692669144105,491,Manhattan,Entire home/apt,182
40.66358117776571,-73.84207920171917,458,Queens,Shared room,10
40.56931772802834,-73.7805231434734,352,Bronx,Private room,153
40.56257481706844,-73.97551100539083,343,Brooklyn,Entire home/apt,41
40.600097159265836,-73.98189437480283,192,Staten Island,Private room,154
40.719690665882446,-73.92586902979696,240,Bronx,Entire home/apt,10
40.785838369080025,-73.95213659596604,70,Manhattan,Private room,37
40.76407895068709,-73.73846493002235,276,Staten Island,Entire home/apt,97
40.611973558778374,-73.93423580379259,362,Brooklyn,Entire home/apt,170
40.881946112265275,-73.70724042325426,166,Bronx,Private room,18
40.795158766678306,-73.89893126246866,486,Staten Island,Shared room,191
40.72174162100456,-73.9453646252934,351,Bronx,Entire home/apt,133
40.74468829849374,-73.76309044785725,191,Bronx,Shared room,173
40.66784002497111,-73.80238766734973,450,Brooklyn,Private room,115
40.59909239580046,-73.85054128506405,88,Queens,Shared room,112
40.64238907146051,-73.83339093471871,442,Staten Island,Shared room,169
40.80313844418575,-73.78423946651833,404,Brooklyn,Shared room,64
40.5057573954519,-73.93146357760061,301,Bronx,Shared room,98
40.54642905620277,-73.70109982518298,382,Brooklyn,Shared room,71
40.5184010568087,-73.70756205135596,256,Queens,Entire home/apt,186
40.51629152092759,-73.80490229409592,259,Staten Island,Entire home/apt,51
40.8421842336044,-73.94013726472126,164,Queens,Entire home/apt,117
40.781463143752006,-73.79593152727061,274,Manhattan,Private room,174
40.68966953163493,-73.97834047730625,183,Staten Island,Shared room,119
40.5391336642604,-73.99080424933825,300,Queens,Entire home/apt,6
40.696646350046734,-73.92269513344664,268,Bronx,Private room,10
40.68938870831222,-73.8612131129782,456,Staten Island,Entire home/apt,102
40.56928074796401,-73.7395182483775,492,Staten Island,Entire home/apt,60
40.67354065969519,-73.78184927907012,140,Brooklyn,Shared room,67
40.65940189375895,-73.77718804364001,403,Bronx,Private room,152
40.74634003922088,-73.87235199966558,425,Manhattan,Shared room,139
40.75403746034706,-73.89621950223591,95,Queens,Shared room,153
40.51812160390882,-73.88868837110462,87,Brooklyn,Entire home/apt,101
40.64984504585059,-73.70370513087919,191,Queens,Shared room,109
40.75034396628569,-73.98796724257626,149,Manhattan,Private room,139
40.70125450343203,-73.73989055116327,377,Manhattan,Shared room,170
40.84259593647533,-73.82639737742828,239,Staten Island,Shared room,50
40.76347745264758,-73.86841537424313,84,Manhattan,Shared room,116
40.56517377083257,-73.78242270187546,196,Queens,Entire home/apt,164
40.52822749896017,-73.85399931757259,79,Bronx,Private room,45
40.75696771128253,-73.73797302857551,383,Bronx,Entire home/apt,52
40.510604524216646,-73.72978944079662,133,Staten Island,Entire home/apt,87
40.73431023250939,-73.87348372193796,418,Queens,Entire home/apt,120
40.876092096569984,-73.91695166082948,330,Queens,Entire home/apt,12
40.73018967115035,-73.822294901422,473,Manhattan,Entire home/apt,88
40.655267970482605,-73.726290996315,393,Queens,Private room,124
40.75731528737694,-73.9368013432983,319,Brooklyn,Shared room,117
40.683301156196606,-73.81311002493096,203,Manhattan,Entire home/apt,53
40.71824671572637,-73.81053193397224,151,Brooklyn,Entire home/apt,184
40.87658592351061,-73.78006609327542,264,Staten Island,Private room,115
40.65444105512031,-73.96052969446183,199,Bronx,Private room,117
40.88447622552957,-73.78525251059537,481,Staten Island,Shared room,3
40.862140256782425,-73.72729024380031,132,Bronx,Private room,74
40.57831645391572,-73.94609506733893,159,Staten Island,Shared room,48
40.52774452035007,-73.92873700252284,484,Queens,Entire home/apt,6
40.540311200550974,-73.70858147178751,436,Brooklyn,Entire home/apt,109
40.50728873026062,-73.94570691418716,475,Bronx,Shared room,121
40.53777718430237,-73.74368447198913,324,Manhattan,Private room,10
40.773202709366544,-73.85231664306559,250,Brooklyn,Shared room,91
40.52847545938409,-73.92583067767904,333,Manhattan,Private room,181
40.62759025211751,-73.73877502961825,222,Brooklyn,Entire home/apt,172
40.83795012438778,-73.8664084234992,376,Brooklyn,Private room,22
40.50930877429433,-73.8455547938211,255,Staten Island,Shared room,27
40.825787393035576,-73.89222998918007,112,Bronx,Shared room,110
40.61274190990936,-73.82211474456952,122,Bronx,Entire home/apt,56
40.54726593104866,-73.95094283822449,300,Brooklyn,Private room,25
40.778694866145656,-73.88267553900447,173,Queens,Private room,152
40.75157713871195,-73.70917630329942,424,Queens,Private room,53
40.85098880541082,-73.92255997018967,170,Manhattan,Entire home/apt,28
40.79402841752155,-73.80297900063762,324,Manhattan,Private room,96
40.82139237215394,-73.90244298073259,480,Staten Island,Shared room,163
40.612813829028525,-73.76795806229403,447,Brooklyn,Private room,13
40.570975817511886,-73.9607379017845,169,Manhattan,Entire home/apt,77
40.80024590065634,-73.70905368647644,471,Manhattan,Private room,34
40.822733895706904,-73.86386313758491,486,Brooklyn,Private room,29
40.89620205680027,-73.92918486099606,366,Staten Island,Shared room,91
40.66504707076457,-73.977950975801,213,Manhattan,Private room,16
40.64880723431711,-73.94907262847374,473,Staten Island,Shared room,194
40.8105651842968,-73.84406781543319,335,Bronx,Shared room,157
40.636321416101204,-73.89889904707061,314,Staten Island,Entire home/apt,92
40.872302930241425,-73.75133499023522,369,Queens,Shared room,172
40.8433651007372,-73.87073374290146,210,Queens,Shared room,78
40.67159761095001,-73.92538571822371,425,Staten Island,Entire home/apt,109
40.800348427116596,-73.81485650401879,357,Queens,Shared room,178
40.80181714963387,-73.78796683493437,138,Bronx,Entire home/apt,101
40.54124954753437,-73.94988742762972,191,Brooklyn,Private room,105
40.861021162671825,-73.9497142351135,252,Queens,Entire home/apt,46
40.702100948979144,-73.98899857191994,358,Queens,Shared room,180
40.8305829864431,-73.77907939548031,276,Staten Island,Entire home/apt,63
40.62801984041224,-73.80085864171346,492,Bronx,Shared room,165
40.85820929139848,-73.85761073727505,383,Brooklyn,Private room,63
40.65568067149366,-73.74674886530924,271,Staten Island,Entire home/apt,86
40.50433506059212,-73.75829895411499,90,Staten Island,Private room,6
40.862152790567706,-73.82439369068098,245,Bronx,Shared room,21
40.53651467071445,-73.73951861584602,117,Brooklyn,Shared room,80
40.62772545503616,-73.93824763698898,313,Bronx,Private room,168
40.88002478682032,-73.96642411418068,51,Brooklyn,Entire home/apt,73
40.88024285877502,-73.9190751165449,410,Bronx,Entire home/apt,137
40.729375155249315,-73.9828739431732,174,Staten Island,Shared room,184
40.75273488486792,-73.8406491415997,159,Staten Island,Private room,134
40.67937820879133,-73.71901829231152,135,Manhattan,Private room,124
40.617284308679224,-73.98819693779944,474,Queens,Entire home/apt,49
40.631465818147966,-73.963367025797,169,Bronx,Entire home/apt,51
40.769007382430814,-73.86434029151496,176,Manhattan,Entire home/apt,160
40.80094981177507,-73.71983749474163,304,Queens,Private room,0
40.81663161749034,-73.90515316850697,232,Bronx,Entire home/apt,180
40.815847257117824,-73.84782955739348,65,Brooklyn,Entire home/apt,187
40.536482441219476,-73.98752814228489,111,Queens,Shared room,161
40.69776812188103,-73.95549703971137,418,Staten Island,Entire home/apt,3
40.52302350400666,-73.70401096311235,481,Manhattan,Entire home/apt,144
40.71981155292949,-73.7104643910692,207,Queens,Private room,131
40.67661220054935,-73.99851800571967,317,Queens,Private room,170
40.85508167310332,-73.71445646437303,84,Staten Island,Shared room,3
40.64036600502083,-73.80826401865535,316,Bronx,Entire home/apt,0
40.54682680657104,-73.739624511644,113,Brooklyn,Shared room,70
40.557196672821135,-73.86357804330984,99,Staten Island,Private room,177
40.804604252686985,-73.84532119142622,304,Brooklyn,Shared room,188
40.7472872253265,-73.85334602592293,198,Bronx,Private room,34
40.540449070449114,-73.79994072273617,374,Queens,Shared room,7
40.533642722446,-73.9581046235731,353,Brooklyn,Shared room,151
40.78038765258365,-73.9910079230382,325,Manhattan,Entire home/apt,35
40.52910520254568,-73.90762101752264,406,Manhattan,Shared room,177
40.82874402371614,-73.788595771179,221,Staten Island,Entire home/apt,122
40.782496890862596,-73.93944396436312,466,Bronx,Entire home/apt,42
40.53253951225676,-73.79797027000252,250,Staten Island,Entire home/apt,26
40.53393508563408,-73.70902638616782,494,Staten Island,Entire home/apt,31
40.89465583140047,-73.97182978526317,442,Staten Island,Shared room,77
40.649708318302444,-73.79821936453246,373,Manhattan,Private room,120
40.648256858826755,-73.86687493420862,84,Manhattan,Private room,145
40.825119826903,-73.73955732368675,265,Staten Island,Private room,155
40.878899430953545,-73.94685506316578,114,Manhattan,Shared room,156
40.89440042552915,-73.79221221433215,57,Bronx,Entire home/apt,15
40.801351274103574,-73.74856541310557,350,Staten Island,Private room,98
40.650503834212365,-73.7166157341578,392,Manhattan,Shared room,46
40.533400286679466,-73.79502559151311,480,Brooklyn,Entire home/apt,186
40.81085876637098,-73.85084757079747,473,Staten Island,Private room,30
40.72336169989432,-73.81464582793964,381,Staten Island,Entire home/apt,3
40.66968880369879,-73.73932850465638,487,Bronx,Private room,164
40.86254175403789,-73.82881707600835,125,Queens,Private room,16
40.54447899292246,-73.99088388209096,223,Queens,Private room,38
40.697050041716345,-73.72071539134791,96,Bronx,Entire home/apt,47
40.50454145790697,-73.79314197469053,64,Bronx,Shared room,173
40.68746425679765,-73.79704598426683,410,Bronx,Entire home/apt,175
40.52252131027274,-73.93529745428069,196,Queens,Private room,38
40.54752716650723,-73.80233435893021,75,Bronx,Entire home/apt,131
40.54701049871084,-73.88184067830376,357,Manhattan,Shared room,29
40.75968412084642,-73.80463010688756,142,Staten Island,Entire home/apt,157
40.79841795170617,-73.96802209090761,455,Staten Island,Shared room,21
40.73334750603886,-73.8026464086191,281,Brooklyn,Shared room,65
40.88486901938982,-73.70017588226881,70,Brooklyn,Entire home/apt,107
40.64994823180948,-73.98553638834183,356,Staten Island,Private room,11
40.614284834512745,-73.70684774473361,87,Manhattan,Shared room,35
40.847439651275785,-73.87792761178314,325,Queens,Entire home/apt,17
40.58943833540778,-73.73877396489883,206,Queens,Shared room,89
40.885289015776245,-73.76528435478252,228,Manhattan,Private room,180
40.504861789875925,-73.829895121704,181,Queens,Entire home/apt,198
40.887951530683054,-73.77846523722461,360,Bronx,Entire home/apt,0
40.51726396478023,-73.7364453316096,397,Staten Island,Entire home/apt,126
40.85645724547923,-73.87875790350469,77,Staten Island,Private room,185
40.71108044363452,-73.90189005153103,309,Manhattan,Shared room,89
40.89718591844772,-73.79972198433093,455,Queens,Entire home/apt,86
40.52951862589416,-73.75764621741763,125,Brooklyn,Shared room,89
40.72154171376053,-73.77131445956702,478,Brooklyn,Shared room,133
40.88772101424764,-73.76065590534242,116,Queens,Private room,69
40.70923913766806,-73.86932500555612,391,Brooklyn,Entire home/apt,43
40.7517594552541,-73.7546497351475,243,Manhattan,Shared room,199
40.77829947559385,-73.96393728338882,211,Manhattan,Entire home/apt,151
40.68181642590711,-73.83665327061175,396,Queens,Entire home/apt,85
40.751023232033624,-73.99827240185057,488,Brooklyn,Private room,18
40.733725724769236,-73.90262425102992,410,Manhattan,Entire home/apt,100
40.86046320419639,-73.89006153953858,306,Manhattan,Entire home/apt,145
40.51817855213658,-73.88114819251723,121,Bronx,Shared room,94
40.61238527583689,-73.79135983799304,136,Bronx,Private room,100
40.880164593630624,-73.8834325696189,471,Manhattan,Entire home/apt,29
40.856105513556365,-73.86539191321324,311,Queens,Shared room,169
40.68226270111428,-73.9287367607377,263,Staten Island,Private room,32
40.74805303912061,-73.8880244625112,202,Staten Island,Private room,11
40.610952473192455,-73.93181911182106,259,Manhattan,Shared room,117
40.5752484638895,-73.97804122286946,450,Manhattan,Shared room,93
40.68547936197599,-73.8189654219856,110,Manhattan,Shared room,154
40.64134089121042,-73.79953616043349,317,Queens,Shared room,166
40.73346244474035,-73.81415289619711,311,Bronx,Shared room,136
40.53109385478599,-73.86095178685983,267,Manhattan,Entire home/apt,148
40.88975792306646,-73.88606426594623,332,Manhattan,Entire home/apt,75
40.89448429779184,-73.74099990512846,185,Brooklyn,Private room,28
40.7792646856079,-73.84427546445913,429,Queens,Entire home/apt,160
40.71443854653765,-73.85624543671108,411,Manhattan,Entire home/apt,189
40.62381104651453,-73.99230738025807,498,Brooklyn,Entire home/apt,116
40.82551800788278,-73.89762565171215,490,Staten Island,Shared room,14
40.773892469021554,-73.88594131436425,142,Manhattan,Private room,1
40.565046775737954,-73.88035316573094,158,Manhattan,Private room,179
40.86437087379753,-73.8259482892318,290,Brooklyn,Private room,116
40.829014897169266,-73.83991923598194,404,Queens,Private room,171
40.879919965316766,-73.81762847216197,473,Manhattan,Entire home/apt,181
40.79028780335534,-73.77053502153737,191,Staten Island,Entire home/apt,17
40.74536607837432,-73.75610427838518,340,Manhattan,Shared room,2
40.667297214516246,-73.78456307713205,481,Staten Island,Private room,134
40.8730913933416,-73.71334289121353,286,Bronx,Entire home/apt,170
40.84642555580016,-73.9945302251971,389,Bronx,Entire home/apt,165
40.518087468042474,-73.94126660429494,361,Staten Island,Shared room,164
40.5105467897989,-73.99773113750656,226,Queens,Shared room,185
40.65058534675122,-73.80575758575362,190,Manhattan,Shared room,160
40.82422133231273,-73.73059083531501,238,Manhattan,Entire home/apt,107
40.89491045172598,-73.92695531102711,98,Bronx,Entire home/apt,186
40.56016675644141,-73.72188963656112,351,Staten Island,Shared room,94
40.73765228614085,-73.98191978291314,418,Manhattan,Private room,121
40.65235634265241,-73.71966919195835,239,Manhattan,Shared room,10
40.88796575912584,-73.8945131938281,185,Queens,Shared room,67
40.83684756925428,-73.96957375146523,92,Brooklyn,Shared room,122
40.83533148188445,-73.8542384722441,453,Bronx,Shared room,195
40.68747726391799,-73.92296702968385,429,Bronx,Entire home/apt,112
40.665927800935066,-73.91453812941143,402,Brooklyn,Private room,97
40.609362828772284,-73.90781301052212,139,Manhattan,Shared room,92
40.52255019866037,-73.7590922306502,344,Queens,Private room,21
40.84588895050202,-73.83825161699743,390,Queens,Private room,193
40.82516040365203,-73.9066076902532,294,Bronx,Private room,171
40.89988706931445,-73.81689986500673,482,Queens,Shared room,126
40.89865473482956,-73.78515479773304,241,Brooklyn,Entire home/apt,133
40.72217268224105,-73.91821279977994,367,Manhattan,Shared room,169
40.8075949660722,-73.8759352695424,155,Brooklyn,Private room,24
40.87790629195297,-73.96343417199891,412,Staten Island,Private room,184
40.839858956270966,-73.9456551951396,359,Bronx,Entire home/apt,84
40.59893924069728,-73.79566464381051,431,Queens,Shared room,54
40.680217654124036,-73.94556849569132,282,Staten Island,Private room,143
40.5516637660606,-73.84245098489988,314,Queens,Entire home/apt,94
40.88162041090349,-73.78728612148328,393,Manhattan,Private room,141
40.74246985378035,-73.96793692307158,86,Manhattan,Entire home/apt,166
40.59145712220138,-73.82980633411132,354,Manhattan,Entire home/apt,155
40.76868027376234,-73.9230311648896,90,Queens,Shared room,178
40.74725129618316,-73.71112193742873,66,Staten Island,Private room,118
40.64326508721314,-73.85493630598403,393,Manhattan,Shared room,176
40.54542303687985,-73.75820223506746,326,Staten Island,Private room,8
40.76862927823712,-73.83493203735313,356,Queens,Shared room,185
40.70812308036152,-73.98697624014355,108,Staten Island,Private room,172
40.808927356694255,-73.8100545873218,472,Queens,Shared room,149
40.708065400444795,-73.71457899733801,232,Queens,Entire home/apt,159
40.84087260012741,-73.8195164539561,90,Bronx,Private room,196
40.720762735509794,-73.75424334217196,88,Queens,Private room,196
40.724375188614154,-73.73473806099548,446,Queens,Entire home/apt,41
40.85066144106334,-73.93157606841532,241,Brooklyn,Shared room,52
40.66139314648496,-73.93638654802753,316,Manhattan,Private room,186
40.55360609138025,-73.81670570334471,196,Bronx,Private room,73
40.51151307052533,-73.876691459058,444,Bronx,Shared room,38
40.80205490226945,-73.74804160913999,382,Bronx,Entire home/apt,121
40.74812382054139,-73.7299930629806,176,Brooklyn,Shared room,14
40.781631907239685,-73.89397358620919,95,Queens,Shared room,198
40.585185664603564,-73.92893883230765,94,Manhattan,Shared room,156
40.55454859023471,-73.76584234542685,50,Staten Island,Private room,122
40.50581786626715,-73.91755818933557,217,Queens,Entire home/apt,110
40.640235023522635,-73.75321570444589,157,Brooklyn,Entire home/apt,130
40.73596707474185,-73.87287852390537,68,Queens,Shared room,82
40.65689761803989,-73.79973503021256,381,Queens,Private room,9
40.67498996880949,-73.9713394058496,121,Brooklyn,Shared room,91
40.8616634777975,-73.81284220259703,494,Bronx,Private room,28
40.63930218680932,-73.86446969637883,158,Bronx,Private room,34
40.705595795663925,-73.82401746104736,317,Manhattan,Private room,5
40.81346120509646,-73.94959573767655,494,Manhattan,Private room,139
40.65861711292851,-73.77893787651675,289,Bronx,Entire home/apt,110
40.74883468009115,-73.74116087673704,466,Staten Island,Private room,37
40.8449454834987,-73.93497805997276,350,Queens,Private room,76
40.87980824946305,-73.97128563334395,139,Staten Island,Shared room,92
40.558829392371614,-73.9929084241861,152,Queens,Shared room,146
40.8706350500646,-73.80740854986702,299,Bronx,Entire home/apt,66
40.69684651723181,-73.81787178917337,57,Manhattan,Shared room,135
40.60329775531958,-73.83599077618578,202,Manhattan,Private room,7
40.683654302495306,-73.93041587116521,396,Staten Island,Shared room,121
40.89201303011419,-73.88272820122835,223,Manhattan,Entire home/apt,83
40.69704723759715,-73.82165709944415,392,Bronx,Shared room,174
40.631500644115,-73.85096994234225,207,Staten Island,Shared room,131
40.75336034172669,-73.70366434393554,480,Queens,Entire home/apt,178
40.59605824751128,-73.95906807423297,264,Manhattan,Entire home/apt,84
40.53034533124347,-73.79145663378573,226,Brooklyn,Private room,194
40.55155188876426,-73.87870436956871,224,Manhattan,Shared room,44
40.55121833558311,-73.87154011552232,389,Queens,Private room,135
40.56076107740492,-73.78472067030255,387,Staten Island,Shared room,86
40.555530869059766,-73.79226915460269,195,Queens,Shared room,15
40.75634989792128,-73.70262320188935,499,Brooklyn,Private room,76
40.572752033759656,-73.96148171316376,373,Bronx,Shared room,194
40.638266913329545,-73.96876710518475,210,Manhattan,Shared room,8
40.8587153639624,-73.78269835486138,176,Staten Island,Shared room,59
40.68958465610515,-73.82648392489808,469,Bronx,Entire home/apt,77
40.76702309540841,-73.91775180003206,131,Queens,Private room,76
40.56892794848065,-73.97617418930331,196,Staten Island,Entire home/apt,70
40.57691560752347,-73.97430252512108,288,Bronx,Private room,14
40.51634744650659,-73.73174273760077,461,Staten Island,Private room,70
40.567574025228865,-73.94243980258437,473,Brooklyn,Shared room,101
40.611436135612784,-73.90298853136534,133,Brooklyn,Private room,168
40.5708041937107,-73.9320030793319,162,Manhattan,Entire home/apt,21
40.535481013502825,-73.89350110825042,274,Manhattan,Entire home/apt,151
40.54825434844024,-73.97917284717617,381,Brooklyn,Entire home/apt,112
40.68431150721309,-73.84428206272752,427,Staten Island,Private room,171
40.58253348736232,-73.97971623092234,292,Brooklyn,Entire home/apt,0
40.64570794441923,-73.75989304765329,192,Manhattan,Private room,9
40.70136690834194,-73.92988637542688,90,Brooklyn,Entire home/apt,109
40.77615793145174,-73.83799642561866,472,Brooklyn,Entire home/apt,199
40.51572485593644,-73.73597627373157,307,Staten Island,Private room,183
40.81976415956362,-73.80473678928584,496,Bronx,Entire home/apt,112
40.75116015579636,-73.8401126640346,334,Manhattan,Shared room,49
40.53270361277955,-73.90269987406539,154,Staten Island,Private room,11
40.84943144964271,-73.90009942608255,251,Brooklyn,Private room,88
40.86834896021272,-73.79915391344055,499,Brooklyn,Private room,187
40.52443118394194,-73.70175819163366,356,Bronx,Shared room,153
40.61075105925888,-73.80144824304519,380,Manhattan,Private room,111
40.82248051191722,-73.832664974789,315,Manhattan,Entire home/apt,77
40.79930387615346,-73.78080484692823,447,Queens,Entire home/apt,168
40.573808407742554,-73.86043831631488,259,Manhattan,Entire home/apt,163
40.58373972933468,-73.98195729721976,100,Bronx,Private room,120
40.64818884111655,-73.83131095523663,167,Queens,Entire home/apt,22
40.69380919407641,-73.7127124146484,250,Queens,Private room,170
40.747301908612116,-73.94740911729271,426,Brooklyn,Entire home/apt,133
40.64756545582791,-73.7929985327538,88,Brooklyn,Shared room,196
40.685013886453255,-73.93971989340228,77,Manhattan,Shared room,170
40.7989883752535,-73.83925169465807,308,Queens,Shared room,24
40.51467328115624,-73.97099706510599,133,Brooklyn,Shared room,17
40.600974777737605,-73.86488871912255,204,Bronx,Private room,189
40.78533983435382,-73.77315100133143,166,Brooklyn,Entire home/apt,140
40.85808273507488,-73.8957285427283,51,Brooklyn,Shared room,42
40.704670976846266,-73.80052648265384,142,Queens,Private room,77
40.712845394106125,-73.76136501176309,215,Queens,Shared room,27
40.542868804535914,-73.72184665415617,436,Staten Island,Shared room,145
40.67896494672938,-73.92960737544337,449,Bronx,Private room,58
40.71304690658201,-73.88020522525721,399,Queens,Private room,187
40.59698820145389,-73.95427519600088,345,Manhattan,Entire home/apt,62
40.607697292379754,-73.7022549493525,307,Bronx,Entire home/apt,184
40.65091366524185,-73.72189970962272,130,Bronx,Shared room,91
40.50802847911109,-73.83801286091584,474,Queens,Shared room,178
40.62883166623327,-73.74739001168707,317,Bronx,Entire home/apt,55
40.584579202798615,-73.84371260681839,468,Queens,Entire home/apt,154
40.630998940871166,-73.81292429359917,284,Brooklyn,Private room,159
40.5479048527277,-73.9732626703652,370,Staten Island,Entire home/apt,110
40.85621091229596,-73.77341887385096,360,Brooklyn,Entire home/apt,136
40.73743698142162,-73.96168595490943,350,Queens,Shared room,67
40.77164092765779,-73.75217971092424,406,Queens,Entire home/apt,45
40.815668495442935,-73.76539157369889,262,Brooklyn,Shared room,66
40.69937687957162,-73.78737659067711,111,Manhattan,Entire home/apt,153
40.53476811523497,-73.98915188584257,98,Manhattan,Private room,135
40.71484261672742,-73.9090614932164,176,Manhattan,Entire home/apt,5
40.73473644720835,-73.92106622902675,272,Queens,Entire home/apt,23
40.79817578967373,-73.89195907775854,458,Bronx,Entire home/apt,175
40.67266381849187,-73.97370717597084,328,Queens,Shared room,93
40.551032121118226,-73.71891265309068,457,Bronx,Private room,172
40.61351036231949,-73.83385932778629,343,Brooklyn,Entire home/apt,12
40.64523291855945,-73.9083427068026,333,Staten Island,Shared room,196
40.75836689653264,-73.88090554487772,326,Bronx,Private room,24
40.728311321867565,-73.86583923784855,487,Manhattan,Shared room,147
40.642438690359135,-73.81982169999182,156,Queens,Shared room,117
40.89460609951719,-73.84529617169105,195,Brooklyn,Private room,81
40.74230992774275,-73.72418240803567,469,Manhattan,Entire home/apt,110
40.594890716694394,-73.85091095512826,148,Brooklyn,Shared room,81
40.54071298904816,-73.70235259555301,478,Staten Island,Shared room,65
40.56114365567373,-73.74457251267647,424,Queens,Entire home/apt,44
40.5983830913538,-73.9374468456928,122,Queens,Entire home/apt,113
40.56427254930382,-73.72082143560682,486,Staten Island,Private room,174
40.574626809620526,-73.96509008063435,171,Queens,Private room,62
40.61403806747754,-73.75476508745264,79,Bronx,Private room,75
40.569349438117904,-73.88581301195703,237,Brooklyn,Entire home/apt,113
40.85870616985057,-73.73660770386648,413,Manhattan,Shared room,110
40.53209349826466,-73.73958299296777,403,Staten Island,Shared room,182
40.7098045558281,-73.75822237996472,337,Bronx,Private room,146
40.66415873079586,-73.76299086910788,244,Manhattan,Entire home/apt,34
40.89295144676344,-73.90859625827059,205,Manhattan,Shared room,52
40.54481556086722,-73.97572421508463,221,Staten Island,Private room,25
40.6591422396183,-73.87910594637046,384,Bronx,Shared room,13
40.88778817331015,-73.94794264550404,90,Manhattan,Shared room,117
40.84620285035759,-73.79151467332926,112,Manhattan,Entire home/apt,44
40.82682882837971,-73.89617008203867,72,Bronx,Entire home/apt,171
40.60316113081797,-73.70731693974203,409,Queens,Shared room,192
40.56835503495603,-73.8077083767964,124,Manhattan,Private room,50
40.76745728796977,-73.7532558309097,97,Brooklyn,Entire home/apt,170
40.871750395651034,-73.96024259817744,209,Bronx,Shared room,118
40.722705157205574,-73.74139565531821,362,Manhattan,Entire home/apt,150
40.72864507578796,-73.72317284284598,167,Staten Island,Entire home/apt,183
40.611991637464115,-73.85388142435433,149,Brooklyn,Entire home/apt,18
40.807797173276775,-73.8181241186747,429,Manhattan,Shared room,81
40.574817499423006,-73.7705570597291,466,Brooklyn,Private room,75
40.629471694561694,-73.94754841182187,457,Brooklyn,Private room,182
40.670174575446566,-73.84923017706097,216,Queens,Private room,91
40.70304415147378,-73.8804010916683,339,Brooklyn,Entire home/apt,187
40.59696389296603,-73.95608780235132,489,Queens,Shared room,186
40.545934729895684,-73.88973967331255,205,Bronx,Entire home/apt,32
40.744248016976655,-73.97954830718436,470,Queens,Private room,146
40.6154522212961,-73.99225642791515,56,Staten Island,Private room,27
40.73249528856904,-73.95945011325355,245,Manhattan,Shared room,122
40.56174508610968,-73.71106546652325,470,Bronx,Entire home/apt,179
40.692456040741924,-73.8351411392315,105,Bronx,Private room,125
40.713035773020636,-73.71025335165403,370,Staten Island,Shared room,176
40.52072941472897,-73.87025063650096,242,Queens,Entire home/apt,36
40.63464171127757,-73.90645516007443,96,Manhattan,Entire home/apt,153
40.55376587077559,-73.84815744114793,197,Queens,Private room,98
40.525349988189106,-73.86814649341012,324,Brooklyn,Private room,97
40.89598409295598,-73.96830059472148,206,Queens,Entire home/apt,126
40.62894153798989,-73.80775210559294,251,Bronx,Entire home/apt,167
40.823949778341856,-73.93518854524712,493,Manhattan,Private room,79
40.6018562619055,-73.81412361353065,451,Queens,Entire home/apt,37
40.77260108888957,-73.80493967228055,468,Manhattan,Private room,76
40.80409114395587,-73.9543925440614,476,Manhattan,Entire home/apt,125
40.738255496243134,-73.9815951118668,175,Brooklyn,Private room,86
40.68863047542006,-73.76577152417947,444,Brooklyn,Shared room,53
40.664736365658904,-73.86205987286921,354,Bronx,Private room,149
40.639547306617196,-73.98255086134836,418,Staten Island,Private room,15
40.871811657699126,-73.70154010484907,343,Manhattan,Shared room,27
40.83224776311509,-73.98266583170108,113,Staten Island,Entire home/apt,162
40.8860107642666,-73.79148943134244,374,Bronx,Shared room,187
40.54971888939422,-73.70489632242098,441,Manhattan,Private room,172
40.792346990081455,-73.92824596873523,467,Manhattan,Entire home/apt,45
40.87533618272841,-73.95732518939384,225,Staten Island,Shared room,71
40.572493226466264,-73.96358451817328,165,Queens,Entire home/apt,182
40.52659850694671,-73.90901745572972,489,Brooklyn,Entire home/apt,84
40.79644825971602,-73.9696862566968,253,Queens,Shared room,25
40.72978924527197,-73.79235159749176,370,Staten Island,Entire home/apt,84
40.83673151070331,-73.98131246056099,80,Brooklyn,Shared room,152
40.55590895065052,-73.84717336155506,437,Queens,Private room,64
40.81810692474396,-73.7009909438441,162,Brooklyn,Entire home/apt,133
40.5806509280191,-73.7558089191482,414,Manhattan,Private room,150
40.56546237714628,-73.8154341685307,483,Queens,Private room,114
40.5657063191724,-73.90812391376402,374,Brooklyn,Entire home/apt,63
40.82582988809255,-73.8128312491125,463,Brooklyn,Shared room,86
40.76607888827848,-73.8418875608265,425,Brooklyn,Entire home/apt,170
40.709226169907645,-73.8721749848329,393,Queens,Private room,106
40.6435321936494,-73.96078688697794,492,Bronx,Private room,150
40.850880216325244,-73.73401873542787,116,Queens,Shared room,95
40.65697804296905,-73.86506460535361,124,Staten Island,Entire home/apt,157
40.82663977578863,-73.94161324645377,94,Queens,Private room,76
40.67565396342809,-73.88967219473682,309,Brooklyn,Private room,145
40.65077777176996,-73.87576107424132,203,Manhattan,Private room,86
40.685071914267844,-73.75173863132994,204,Queens,Shared room,148
40.62055114966566,-73.77991568583158,479,Queens,Private room,56
40.7990437520705,-73.7692085319076,412,Brooklyn,Private room,102
40.70108815603699,-73.9966906206714,497,Manhattan,Entire home/apt,150
40.59288507805873,-73.87515380054607,283,Manhattan,Entire home/apt,90
40.859829829309824,-73.8555967545094,100,Staten Island,Private room,44
40.653556488549285,-73.99424231695308,355,Queens,Private room,171
40.717421144445595,-73.92205603737649,311,Manhattan,Entire home/apt,87
40.86258884438582,-73.77191305306336,364,Manhattan,Shared room,114
40.74969519836559,-73.9588670882813,174,Bronx,Shared room,46
40.54675921628335,-73.83940696056422,448,Bronx,Shared room,167
40.87593284944539,-73.93543943839482,294,Manhattan,Shared room,178
40.75108322122857,-73.99636376760684,79,Staten Island,Shared room,169
40.63396224586283,-73.92763956272015,475,Manhattan,Shared room,134
40.55570882906535,-73.70723787352699,171,Brooklyn,Shared room,49
40.81761007570812,-73.75953886643511,174,Queens,Shared room,175
40.748029102371405,-73.7121270067037,86,Staten Island,Entire home/apt,83
40.71338443679053,-73.85364378682209,219,Brooklyn,Shared room,90
40.85755703322038,-73.96707914039675,173,Staten Island,Shared room,133
40.81543888448981,-73.83561215330789,406,Brooklyn,Shared room,90
40.560669951893104,-73.863686799632,84,Queens,Private room,136
40.62468882711822,-73.74669287517811,136,Queens,Entire home/apt,108
40.59939565592578,-73.97057522576473,183,Bronx,Entire home/apt,56
40.797578517029066,-73.85352765889347,245,Brooklyn,Entire home/apt,30
40.51341297389431,-73.95498540059181,323,Bronx,Shared room,20
40.727955873948524,-73.90259722193298,250,Brooklyn,Shared room,89
40.80498347429628,-73.77879287678367,418,Bronx,Private room,39
40.8507062547047,-73.85719456118937,334,Queens,Entire home/apt,111
40.63683269948636,-73.88723351445627,126,Staten Island,Shared room,44
40.828502921868804,-73.881657116429,108,Bronx,Entire home/apt,76
40.54425269478208,-73.8621659694782,480,Brooklyn,Private room,176
40.83858091669381,-73.76449503684888,175,Brooklyn,Private room,86
40.55099546493279,-73.73237459331793,450,Queens,Private room,147
40.65891491622415,-73.71339959404882,158,Brooklyn,Entire home/apt,100
40.81891814631182,-73.76392898412341,273,Manhattan,Shared room,116
40.559966970939506,-73.9053779312756,327,Staten Island,Shared room,91
40.59170055809306,-73.79355958817403,117,Bronx,Private room,144
40.78890102735723,-73.86871906278338,118,Staten Island,Shared room,27
40.788014614618426,-73.92359881338619,214,Queens,Private room,168
40.75645905315412,-73.74773852617223,354,Bronx,Entire home/apt,193
40.777579377786836,-73.98847209531131,446,Bronx,Private room,24
40.71708977733904,-73.72947140235938,211,Manhattan,Entire home/apt,57
40.60071962356278,-73.86155676061259,414,Queens,Private room,40
40.638278397401564,-73.80883955695752,391,Brooklyn,Shared room,133
40.57263908672057,-73.80219382333827,358,Manhattan,Shared room,74
40.86338022453345,-73.73146467778804,428,Manhattan,Private room,37
40.733356717906446,-73.80899909534983,392,Staten Island,Shared room,133
40.66034056670546,-73.81581992457198,484,Staten Island,Shared room,172
40.68480232145765,-73.9800043878318,436,Staten Island,Shared room,74
40.87891333584472,-73.84447759341644,91,Manhattan,Entire home/apt,141
40.56134056124643,-73.95494929975489,403,Brooklyn,Shared room,65
40.73449193280672,-73.77876986938355,465,Bronx,Entire home/apt,167
40.70235547155379,-73.84633342375619,158,Staten Island,Private room,2
40.74458169417386,-73.7959316662375,100,Brooklyn,Shared room,116
40.507244073528334,-73.98749812981929,299,Queens,Shared room,98
40.84884956357766,-73.97456239518625,390,Staten Island,Shared room,151
40.87284731299344,-73.7851029835812,479,Bronx,Private room,18
40.72605327343568,-73.9783746992004,432,Queens,Entire home/apt,145
40.77866032955075,-73.97862298167043,70,Queens,Entire home/apt,191
40.86899975247092,-73.99636745742953,349,Bronx,Shared room,115
40.78289545372536,-73.71304958051016,188,Staten Island,Private room,124
40.5610156171657,-73.7787474921623,408,Manhattan,Private room,87
40.730515344066724,-73.89402457744939,373,Bronx,Private room,34
40.742686018553144,-73.9110393256137,434,Bronx,Private room,189
40.669652268520956,-73.89508903107625,141,Bronx,Private room,0
40.79457769424989,-73.76760394064564,496,Queens,Entire home/apt,152
40.87374680590761,-73.80158881667887,329,Brooklyn,Entire home/apt,172
40.87022740516271,-73.94444132963976,174,Manhattan,Entire home/apt,176
40.68033574856165,-73.94776719939978,446,Staten Island,Shared room,125
40.5452952183363,-73.97048130508598,160,Staten Island,Private room,88
40.89393647958493,-73.8019091840896,403,Brooklyn,Shared room,143
40.83555923457837,-73.77068820133348,188,Bronx,Private room,146
40.5498650724813,-73.9204860715025,484,Manhattan,Entire home/apt,150
40.86833675304695,-73.99371651169072,322,Staten Island,Shared room,24
40.84795854482485,-73.97534849975708,148,Staten Island,Entire home/apt,15
40.70753522285043,-73.7096419895465,301,Bronx,Private room,181
40.73651017429797,-73.91136656675677,387,Brooklyn,Private room,72
40.659601081548054,-73.76923305564856,153,Manhattan,Private room,128
40.521904655528814,-73.81260092934372,263,Brooklyn,Entire home/apt,41
40.63407889665836,-73.88541810810413,298,Brooklyn,Private room,146
40.821141379439204,-73.93829382134133,201,Manhattan,Entire home/apt,161
40.50185280920184,-73.96358407455217,299,Manhattan,Shared room,79
40.63339966867646,-73.81549610958834,324,Staten Island,Private room,103
40.65926747743638,-73.76760986580867,214,Staten Island,Private room,182
40.71495824117517,-73.80682872393766,390,Manhattan,Private room,145
40.8679422465651,-73.84090936002525,57,Queens,Shared room,33
40.63853839774639,-73.98741463297051,333,Staten Island,Private room,88
40.638781280758494,-73.70945336672169,54,Queens,Entire home/apt,124
40.7950004992439,-73.76038574250363,194,Manhattan,Entire home/apt,44
40.680887176355924,-73.91215338898971,150,Staten Island,Private room,133
40.58984192917599,-73.70600890119235,213,Brooklyn,Private room,20
40.68097580645308,-73.8194355231091,423,Manhattan,Shared room,121
40.55634280815192,-73.82527320253783,196,Bronx,Shared room,69
40.57055479460249,-73.77557804617115,113,Queens,Shared room,95
40.69934710909579,-73.75646906357296,140,Manhattan,Private room,104
40.66757017980182,-73.80305641780055,166,Manhattan,Shared room,47
40.865938360427236,-73.96157127609014,403,Staten Island,Shared room,38
40.644957559646656,-73.89851974820165,316,Staten Island,Entire home/apt,30
40.73223534011122,-73.7215749079022,359,Staten Island,Shared room,9
40.75290571516781,-73.93261531644684,222,Bronx,Entire home/apt,29
40.505237782635334,-73.88834989284875,96,Staten Island,Entire home/apt,17
40.765414948806686,-73.87037693511674,189,Manhattan,Shared room,187
40.5712143867479,-73.86817850309167,295,Staten Island,Entire home/apt,87
40.88442812698778,-73.81611812525165,198,Brooklyn,Private room,124
40.559465091101245,-73.71707724867659,295,Staten Island,Private room,72
40.66584964949081,-73.92779218645025,444,Bronx,Shared room,14
40.53413986723146,-73.96354958710972,54,Brooklyn,Private room,3
40.89874970073838,-73.94075885304201,233,Manhattan,Entire home/apt,190
40.7008780041325,-73.73392252993722,69,Manhattan,Private room,167
40.73815400692801,-73.80625675620344,474,Queens,Shared room,8
40.52683059095537,-73.91422796322826,95,Brooklyn,Shared room,108
40.79998418815967,-73.75521591830942,61,Queens,Entire home/apt,136
40.58396223723823,-73.74158900109097,119,Brooklyn,Shared room,153
40.859221715776286,-73.74604569839292,66,Brooklyn,Private room,131
40.5820558561928,-73.72432203990813,420,Bronx,Shared room,15
40.57627508826547,-73.92432769394799,196,Queens,Entire home/apt,142
40.51461986713924,-73.77348742137612,203,Bronx,Shared room,98
40.688826778043996,-73.86183815081776,353,Brooklyn,Private room,120
40.725936453305046,-73.74740043413298,157,Manhattan,Entire home/apt,51
40.52628345577134,-73.78145279685153,285,Brooklyn,Private room,68
40.810211046678006,-73.76706576605008,357,Bronx,Entire home/apt,4
40.68131553389921,-73.80315144869569,401,Queens,Shared room,19
40.70975610773103,-73.9467713691591,119,Queens,Entire home/apt,78
40.67630509877529,-73.83649192433091,232,Bronx,Entire home/apt,145
40.66030522435013,-73.70459907814265,299,Queens,Shared room,110
40.72385613252329,-73.71878358005087,277,Staten Island,Private room,1
40.56209609837229,-73.9870478792609,151,Manhattan,Shared room,92
40.57277125219811,-73.95055555528117,124,Manhattan,Entire home/apt,12
40.8447142484054,-73.96048136796364,466,Manhattan,Shared room,3
40.87844618485345,-73.78220602700442,495,Queens,Entire home/apt,169
40.6493237265119,-73.75466440104292,265,Queens,Shared room,108
40.60829786925742,-73.9359465901068,456,Brooklyn,Shared room,73
40.757599817295606,-73.84824419211445,448,Brooklyn,Private room,188
40.66349366843924,-73.74778909159664,460,Manhattan,Entire home/apt,94
40.51015454226414,-73.78015953657012,252,Staten Island,Private room,104
40.56246103894647,-73.83732883835245,241,Brooklyn,Entire home/apt,7
40.786388891538955,-73.82289569286237,298,Brooklyn,Shared room,66
40.76356957676406,-73.84749183592511,291,Queens,Entire home/apt,190
40.51083839700139,-73.91073546460436,228,Staten Island,Private room,109
40.58878886477318,-73.8304934021423,486,Manhattan,Private room,8
40.592429918635226,-73.79333440938497,268,Brooklyn,Private room,116
40.76875709743949,-73.73800312524176,131,Staten Island,Entire home/apt,10
40.50788421510175,-73.80911259380623,141,Staten Island,Private room,98
40.541643432793826,-73.77166353888705,484,Manhattan,Private room,41
40.81996643414927,-73.95197850951362,224,Staten Island,Private room,140
40.57141786482173,-73.86153275767407,288,Staten Island,Shared room,163
40.761098443140746,-73.99720051405187,309,Staten Island,Shared room,119
40.59527311241869,-73.92599634064351,440,Brooklyn,Entire home/apt,140
40.539776557103735,-73.7820614854661,414,Manhattan,Entire home/apt,11
40.59726887639978,-73.7024570145952,212,Staten Island,Private room,36
40.788906772742266,-73.97024657012383,97,Staten Island,Shared room,73
40.84227858724251,-73.87955170524161,378,Brooklyn,Private room,72
40.83208794582679,-73.75997870939025,377,Manhattan,Private room,51
40.65887341184738,-73.93878930961134,165,Queens,Shared room,198
40.767234054628254,-73.83347451520932,478,Brooklyn,Shared room,129
40.58199371816633,-73.7800786111911,386,Manhattan,Shared room,55
40.617259092104405,-73.81520436492195,386,Staten Island,Entire home/apt,59
40.85853432740845,-73.94359257961537,418,Manhattan,Entire home/apt,22
40.5052007694043,-73.89338462939428,274,Manhattan,Private room,102
40.53420341234179,-73.76486246465439,401,Manhattan,Entire home/apt,39
40.58315450205841,-73.8337320457604,377,Queens,Shared room,63
40.51061288154953,-73.99843111593712,196,Manhattan,Shared room,84
40.57257417403592,-73.77170277199157,112,Queens,Entire home/apt,150
40.73321662438788,-73.98940659351793,343,Staten Island,Private room,156
40.668569820236996,-73.77627986518063,372,Queens,Private room,178
40.857068684430786,-73.93925583195043,492,Staten Island,Entire home/apt,196
40.82697742469538,-73.71257795596419,374,Staten Island,Private room,88
40.63672694067915,-73.88961777460938,62,Queens,Private room,30
40.603769373372515,-73.90192051509858,480,Brooklyn,Private room,177
40.65187696326691,-73.95533358490027,238,Bronx,Shared room,19
40.736117977005925,-73.90831873535294,336,Manhattan,Shared room,182
40.60722545632915,-73.73700477145154,257,Bronx,Entire home/apt,129
40.74965956313965,-73.70109969871183,163,Manhattan,Shared room,152
40.663764660876495,-73.88950714084794,71,Manhattan,Private room,12
40.72081887234079,-73.86541681071364,398,Staten Island,Shared room,121
40.67445061165412,-73.78337871853918,263,Manhattan,Entire home/apt,102
40.617786303816764,-73.73414126586049,220,Manhattan,Shared room,105
40.87938132278486,-73.82208669974396,372,Queens,Private room,118
40.8054423176639,-73.88254229054665,103,Bronx,Private room,69
40.55604527030658,-73.87621344774541,443,Queens,Entire home/apt,194
40.847387190359164,-73.79131455605096,347,Manhattan,Shared room,185
40.69497247929981,-73.99903452091871,369,Staten Island,Shared room,98
40.85782089075764,-73.81412319876205,175,Queens,Shared room,81
40.819942102378924,-73.89335209686759,326,Queens,Private room,74
40.670085401787695,-73.76174080061688,253,Brooklyn,Entire home/apt,117
40.50898772332805,-73.97210280805307,243,Manhattan,Shared room,83
40.60747094375398,-73.82353931991548,218,Staten Island,Private room,191
40.716653685864344,-73.85570813303417,201,Queens,Private room,68
40.753391287930455,-73.80730234222844,84,Queens,Private room,58
40.60315507417328,-73.98054392165511,233,Staten Island,Shared room,187
40.55574242962913,-73.82600486377156,335,Manhattan,Shared room,125
40.83397209471972,-73.83155462361215,106,Brooklyn,Shared room,110
40.89376087228142,-73.83180197167515,271,Queens,Shared room,61
40.710276072921076,-73.81895370002107,352,Brooklyn,Shared room,143
40.568671714339324,-73.7970596188321,212,Bronx,Shared room,127
40.60892293060775,-73.75850330009577,68,Manhattan,Shared room,104
40.507356270618985,-73.91905378396153,419,Bronx,Shared room,67
40.8657195226242,-73.75248517694598,313,Bronx,Shared room,14
40.547100433156054,-73.85052329532097,331,Bronx,Private room,182
40.7306065902057,-73.9768825162597,162,Manhattan,Shared room,34
40.60962208827488,-73.98243472122681,376,Manhattan,Entire home/apt,182
40.721671201006316,-73.89972850439118,79,Staten Island,Private room,13
40.76056815534074,-73.76453090686657,184,Brooklyn,Shared room,176
40.83189672148288,-73.78769571957773,116,Brooklyn,Entire home/apt,101
40.58256850870424,-73.76341551059828,114,Staten Island,Shared room,99
40.50439833146339,-73.84481928306752,341,Staten Island,Entire home/apt,6
40.55475425202752,-73.86794030061336,74,Bronx,Entire home/apt,29
40.86000745673924,-73.95576424198812,86,Staten Island,Entire home/apt,48
40.849556031025,-73.9015421739172,50,Queens,Entire home/apt,143
40.738965240868126,-73.86979419014784,448,Brooklyn,Private room,110
40.74020674417346,-73.97341987109611,86,Staten Island,Private room,178
40.7660146698185,-73.93381641418664,190,Queens,Entire home/apt,71
40.57014851144938,-73.82053241178087,281,Queens,Shared room,79
40.865764778369986,-73.77930106572825,185,Queens,Entire home/apt,82
40.66750820995683,-73.70049574658212,438,Queens,Private room,41
40.653255411299796,-73.72006600059693,237,Bronx,Shared room,16
40.70756708211314,-73.80723044013945,177,Queens,Private room,190
40.51878638671002,-73.87362558401178,250,Bronx,Private room,172
40.56651334750243,-73.80914679058753,176,Bronx,Shared room,6
40.79521344657055,-73.76430451457593,306,Queens,Entire home/apt,154
40.53311946717005,-73.96449914272299,213,Brooklyn,Entire home/apt,9
40.741260843786556,-73.87702853309112,84,Queens,Entire home/apt,33
40.59813964387253,-73.74805931430932,243,Queens,Entire home/apt,35
40.65571824561679,-73.88485011442009,240,Queens,Shared room,152
40.61547749470828,-73.82843831863184,153,Brooklyn,Shared room,5
40.642269086585976,-73.82366919174135,72,Manhattan,Shared room,151
40.787618362073694,-73.94465712405992,314,Manhattan,Private room,145
40.61884868624927,-73.89132936750431,339,Bronx,Shared room,133
40.72656185611876,-73.89964661337743,479,Bronx,Entire home/apt,28
40.69042016087964,-73.99214098744038,433,Brooklyn,Private room,125
40.76546846614506,-73.9927424708326,309,Staten Island,Entire home/apt,152
40.8747318957299,-73.75049088689727,463,Manhattan,Entire home/apt,182
40.7930288388841,-73.91807875700816,407,Bronx,Shared room,80
40.585976151436306,-73.84457637012835,124,Manhattan,Shared room,173
40.51247325402451,-73.91038232792337,404,Brooklyn,Entire home/apt,151
40.60490561771993,-73.7177962264654,121,Brooklyn,Entire home/apt,74
40.7380311722801,-73.92221097234027,308,Staten Island,Private room,25
40.5205703253937,-73.87110295617832,447,Staten Island,Shared room,126
40.698546498880496,-73.73818092485462,237,Brooklyn,Private room,114
40.73873713956675,-73.74741992996246,222,Bronx,Private room,125
40.63369755632679,-73.94416957464611,339,Manhattan,Private room,27
40.80836488149833,-73.75920700706129,94,Queens,Entire home/apt,130
40.54263930125351,-73.86254393397863,110,Staten Island,Private room,74
40.53005511269432,-73.85510933837439,132,Queens,Private room,165
40.79127550248144,-73.95995600827521,172,Bronx,Entire home/apt,188
40.69819652648248,-73.97581954587287,407,Staten Island,Shared room,77
40.77536095857109,-73.78161820790787,65,Queens,Shared room,178
40.6739309354415,-73.85106165429342,115,Bronx,Private room,89
40.59856081329564,-73.86894478921545,473,Manhattan,Entire home/apt,175
40.82764092706968,-73.78114753140429,194,Bronx,Shared room,20
40.81976635158759,-73.77034613030267,424,Staten Island,Private room,53
40.77787858834177,-73.95232754969919,211,Brooklyn,Private room,183
40.60885805489198,-73.8169324551567,283,Manhattan,Entire home/apt,102
40.73609226674763,-73.9593937753167,429,Queens,Private room,58
40.64438955877601,-73.77458747419129,193,Staten Island,Shared room,71
40.53663282933066,-73.80291345311986,407,Brooklyn,Entire home/apt,178
40.86692543018489,-73.71301561367497,237,Bronx,Shared room,19
40.55472745236759,-73.97931259509308,371,Brooklyn,Shared room,111
40.88009494152832,-73.98288358365463,499,Staten Island,Shared room,58
40.678402309183184,-73.91534387759204,62,Staten Island,Private room,70
