country,income,life_expectancy,population,region
Country 1,16795,67.1,33477797,Americas
Country 2,1860,63.1,17553547,Europe
Country 3,77820,64.6,33013684,Africa
Country 4,55886,67.4,1844291,Asia
Country 5,7265,64.8,23180601,Europe
Country 6,83386,65.6,5002075,Oceania
Country 7,38194,68.6,37503038,Asia
Country 8,88498,65.2,28198272,Europe
Country 9,45131,86.9,30077817,Europe
Country 10,61263,62.4,36482549,Africa
Country 11,17023,75.7,21308833,Africa
Country 12,42090,72.3,12720380,Oceania
Country 13,68221,89.5,24201842,Europe
Country 14,65820,63.4,10481645,Europe
Country 15,1769,71.9,12824615,Africa
Country 16,60735,89.1,5337913,Asia
Country 17,63955,86.0,37337581,Asia
Country 18,65925,84.5,11526429,Americas
Country 19,68969,67.7,38921173,Africa
Country 20,6311,65.1,2854802,Americas
Country 21,84104,80.1,37761695,Africa
Country 22,54707,87.9,38092630,Oceania
Country 23,86305,76.7,33568515,Europe
Country 24,29693,77.1,26829149,Oceania
Country 25,72932,68.4,12051352,Africa
Country 26,94016,83.1,43119838,Europe
Country 27,26658,65.6,31269362,Asia
Country 28,85478,69.7,7134609,Asia
Country 29,19431,72.8,32052177,Americas
Country 30,3747,75.2,20942578,Africa
Country 31,60150,67.3,10141985,Africa
Country 32,66725,63.4,18079773,Asia
Country 33,85654,78.3,29514339,Oceania
Country 34,36773,68.7,45325089,Europe
Country 35,68435,77.4,1540687,Oceania
Country 36,57886,64.6,46675033,Oceania
Country 37,67803,74.4,42916200,Asia
Country 38,32551,76.0,32368232,Asia
Country 39,12394,61.6,45595724,Asia
Country 40,70092,70.1,11386501,Americas
Country 41,4890,64.0,5322864,Oceania
Country 42,42606,61.9,3838963,Africa
Country 43,97276,89.7,11590237,Europe
Country 44,81038,69.7,32849055,Americas
Country 45,88313,84.3,5235773,Africa
Country 46,11627,67.6,12778700,Oceania
Country 47,9792,80.4,21659907,Asia
Country 48,74969,82.8,11071186,Oceania
Country 49,44001,77.9,34573048,Europe
Country 50,77552,74.1,24741736,Americas
Country 51,24897,72.4,43243996,Americas
Country 52,69148,70.5,35094468,Europe
Country 53,24483,87.9,24412375,Africa
Country 54,49555,84.9,40783588,Africa
Country 55,18159,89.0,43802417,Americas
Country 56,81077,63.7,26281747,Americas
Country 57,36920,81.9,43713896,Asia
Country 58,93067,88.2,42957203,Africa
Country 59,68121,65.4,7954428,Europe
Country 60,70479,62.0,11451147,Africa
Country 61,90475,82.2,47718235,Asia
Country 62,20457,77.2,45674927,Americas
Country 63,67557,85.3,2372523,Americas
Country 64,78189,64.2,26429085,Asia
Country 65,79953,83.9,4796771,Europe
Country 66,53995,66.0,8690145,Americas
Country 67,41757,64.9,33115406,Oceania
Country 68,10692,64.9,914645,Americas
Country 69,46758,84.4,1478127,Oceania
Country 70,73409,80.0,8909690,Asia
Country 71,72211,75.7,43914317,Asia
Country 72,66697,70.8,37859281,Americas
Country 73,38065,86.3,41179019,Africa
Country 74,93093,71.8,23342566,Oceania
Country 75,33606,84.5,49012002,Europe
Country 76,12534,73.2,49273966,Americas
Country 77,95663,71.3,8386900,Europe
Country 78,41397,73.9,18442993,Americas
Country 79,92387,69.0,28720729,Africa
Country 80,2016,82.4,37117096,Africa
Country 81,90789,75.1,48534993,Africa
Country 82,56591,67.0,1023181,Africa
Country 83,90812,87.0,45109850,Asia
Country 84,24247,71.5,18318849,Asia
Country 85,25300,76.3,46889036,Oceania
Country 86,75065,87.2,43526894,Europe
Country 87,83798,78.7,32413575,Americas
Country 88,10268,63.5,2111774,Americas
Country 89,87807,88.2,36394790,Asia
Country 90,13185,78.8,20687778,Americas
Country 91,64704,70.0,7026610,Asia
Country 92,87779,64.2,6260715,Oceania
Country 93,40099,83.8,27538445,Europe
Country 94,9571,78.6,31385282,Oceania
Country 95,39044,76.0,25353302,Africa
Country 96,52214,86.8,20070303,Africa
Country 97,62228,83.7,17736927,Africa
Country 98,49984,64.6,37316016,Oceania
Country 99,41774,69.4,40517715,Americas
Country 100,3568,67.5,35224147,Europe
Country 101,63592,82.3,43620727,Africa
Country 102,68563,61.0,6364768,Africa
Country 103,3695,77.1,25151670,Africa
Country 104,49190,82.9,8865995,Europe
Country 105,6258,86.3,40330883,Africa
Country 106,88538,70.3,8114220,Europe
Country 107,40504,84.6,49083339,Africa
Country 108,34159,63.3,18371829,Oceania
Country 109,14986,85.4,18124854,Oceania
Country 110,62858,63.8,23962113,Europe
Country 111,13666,71.9,24575886,Oceania
Country 112,39660,83.9,46623028,Europe
Country 113,4561,64.5,49889731,Oceania
Country 114,27854,66.9,30640972,Oceania
Country 115,65505,81.7,45088050,Europe
Country 116,53251,81.6,36060502,Americas
Country 117,23662,79.2,42482666,Oceania
Country 118,9392,80.8,33893291,Africa
Country 119,31535,76.3,21576982,Americas
Country 120,79603,67.6,15855013,Europe
Country 121,53256,70.4,45994452,Americas
Country 122,90135,65.4,47428941,Asia
Country 123,36222,87.3,42587345,Asia
Country 124,78373,77.5,37861773,Oceania
Country 125,80575,72.0,15371333,Oceania
Country 126,97354,73.9,39081525,Africa
Country 127,85651,88.4,42197406,Americas
Country 128,64335,64.6,17329636,Asia
Country 129,11965,77.6,44244441,Oceania
Country 130,25538,75.2,39133478,Americas
Country 131,71592,78.3,9476807,Oceania
Country 132,99018,60.5,17488118,Oceania
Country 133,9110,86.2,41166548,Asia
Country 134,80309,88.0,47296348,Asia
Country 135,28266,77.0,26585897,Oceania
Country 136,53992,80.9,29369409,Europe
Country 137,83948,87.7,18513212,Oceania
Country 138,99806,81.2,30646308,Oceania
Country 139,7910,64.6,48824836,Africa
Country 140,91982,77.3,20073633,Africa
Country 141,1206,78.2,9141044,Africa
Country 142,88054,72.7,27759612,Europe
Country 143,88897,82.1,48940527,Europe
Country 144,24419,88.0,14992371,Oceania
Country 145,51636,87.8,1601330,Africa
Country 146,51015,73.5,1021248,Europe
Country 147,55268,63.4,4707851,Asia
Country 148,88939,89.5,23522522,Oceania
Country 149,19141,85.2,5428750,Americas
Country 150,81356,63.7,2657411,Oceania
Country 151,72910,87.6,1743439,Americas
Country 152,57044,86.1,18658310,Africa
Country 153,68214,75.6,37041604,Americas
Country 154,34827,77.7,16654953,Africa
Country 155,56820,72.0,9497933,Asia
Country 156,63623,61.6,40524307,Americas
Country 157,82734,70.1,22750577,Oceania
Country 158,76450,84.1,39146943,Africa
Country 159,94426,60.1,12857931,Oceania
Country 160,23299,70.0,47662497,Europe
Country 161,44585,71.9,31266359,Africa
Country 162,65044,76.1,3865144,Americas
Country 163,43557,87.6,20263468,Africa
Country 164,50080,70.4,16591107,Oceania
Country 165,3693,70.4,867052,Asia
Country 166,96003,82.1,27201781,Africa
Country 167,96259,73.6,7646585,Americas
Country 168,70163,66.7,16227172,Europe
Country 169,26939,73.6,13352313,Asia
Country 170,49925,64.2,6319324,Europe
Country 171,43941,65.3,35032512,Africa
Country 172,22834,75.0,9540536,Oceania
Country 173,19047,72.6,36125711,Oceania
Country 174,27105,87.4,24331104,Americas
Country 175,76766,70.9,10538951,Oceania
Country 176,16707,77.4,12535000,Asia
Country 177,22976,79.0,22947064,Oceania
Country 178,45262,60.4,2776016,Americas
Country 179,24776,79.9,492939,Africa
Country 180,31080,65.3,20110188,Africa
Country 181,67842,88.8,36316225,Oceania
Country 182,62373,64.5,30872201,Europe
Country 183,7776,72.4,13185871,Africa
Country 184,93787,62.6,47883019,Oceania
Country 185,56016,89.9,35923556,Americas
Country 186,10474,75.1,47625798,Oceania
Country 187,59053,77.9,13381233,Africa
Country 188,22959,62.0,48793175,Americas
Country 189,6530,82.5,19346186,Oceania
Country 190,95856,66.3,35331840,Asia
Country 191,4748,86.9,19628958,Americas
Country 192,98504,66.2,17882891,Asia
Country 193,99098,65.7,12002983,Europe
Country 194,14545,61.1,32088060,Americas
Country 195,67199,74.2,41041186,Asia
Country 196,35766,76.9,13187311,Africa
Country 197,74530,62.0,16801531,Africa
Country 198,94557,83.3,24845222,Europe
Country 199,62087,73.6,35924916,Americas
Country 200,96839,75.7,4155223,Americas
Country 201,69840,73.2,44816028,Americas
Country 202,55384,72.0,29134871,Europe
Country 203,52005,76.8,28684616,Americas
Country 204,47576,64.7,12013776,Africa
Country 205,40353,65.5,41214396,Asia
Country 206,63003,85.9,22622466,Africa
Country 207,84211,88.4,37659879,Africa
Country 208,53733,71.2,49946930,Asia
Country 209,66318,68.1,18607968,Africa
Country 210,90474,79.3,14551508,Europe
Country 211,24664,72.3,36897763,Asia
Country 212,68172,60.8,13507684,Africa
Country 213,86616,64.7,40858249,Oceania
Country 214,94264,81.5,37939950,Africa
Country 215,27736,79.8,31031347,Europe
Country 216,95209,60.8,25618906,Americas
Country 217,1854,66.7,8639747,Africa
Country 218,91084,66.9,38827230,Americas
Country 219,39623,80.2,20731938,Oceania
Country 220,8392,60.6,22042838,Africa
Country 221,56680,63.1,11185474,Asia
Country 222,47717,84.0,47687042,Americas
Country 223,88092,65.4,9646394,Oceania
Country 224,51859,79.6,25308425,Asia
Country 225,27309,67.1,20002900,Asia
Country 226,88455,63.0,11822676,Asia
Country 227,64734,67.3,17456301,Asia
Country 228,71467,81.7,10398533,Africa
Country 229,53662,85.7,26733911,Africa
Country 230,99506,84.9,10451929,Africa
Country 231,13688,71.9,22899061,Oceania
Country 232,26342,80.0,19345854,Oceania
Country 233,38157,66.1,17430319,Oceania
Country 234,68863,68.8,35594400,Europe
Country 235,53083,86.9,5353943,Oceania
Country 236,66733,60.4,15503951,Africa
Country 237,90045,62.6,39101623,Africa
Country 238,35698,66.2,31149208,Europe
Country 239,81623,60.8,29855505,Europe
Country 240,23671,65.4,47725854,Oceania
Country 241,26184,77.5,11054849,Americas
Country 242,94384,72.6,44836626,Europe
Country 243,43107,86.8,23300723,Asia
Country 244,87202,84.5,24264909,Africa
Country 245,52663,70.3,46063251,Asia
Country 246,16708,67.8,38742429,Africa
Country 247,92906,71.4,29059512,Africa
Country 248,50811,77.7,14134264,Europe
Country 249,3811,68.0,28832808,Europe
Country 250,57250,78.7,40874950,Asia
Country 251,73082,72.3,46011405,Africa
Country 252,35754,76.6,22339150,Asia
Country 253,96742,73.1,41777753,Americas
Country 254,12411,68.8,7949284,Asia
Country 255,3911,88.5,1053171,Oceania
Country 256,68270,82.9,49751515,Asia
Country 257,84763,64.2,24042154,Oceania
Country 258,9680,86.1,48240951,Oceania
Country 259,85896,74.6,19727953,Oceania
Country 260,84879,86.8,34974917,Americas
Country 261,72295,84.0,7095900,Asia
Country 262,89614,72.8,18508292,Asia
Country 263,12111,60.7,22139615,Americas
Country 264,38504,68.1,30650479,Africa
Country 265,2802,76.2,1031883,Europe
Country 266,9155,79.0,1718321,Asia
Country 267,74656,67.7,13346138,Europe
Country 268,40384,64.2,43611742,Americas
Country 269,48254,85.0,6204512,Africa
Country 270,22918,89.5,26715895,Africa
Country 271,86981,75.8,20586721,Africa
Country 272,61713,65.2,25242630,Americas
Country 273,31306,68.2,5468952,Oceania
Country 274,17646,60.6,4314423,Oceania
Country 275,47843,87.4,43866762,Europe
Country 276,97601,63.5,13866653,Oceania
Country 277,91735,77.3,8231883,Oceania
Country 278,17371,68.2,15359784,Africa
Country 279,78371,76.6,31977921,Africa
Country 280,3049,79.5,23998053,Europe
Country 281,32616,84.9,35124035,Asia
Country 282,21932,66.2,27184365,Europe
Country 283,30855,60.3,27720483,Europe
Country 284,62434,64.1,17690619,Americas
Country 285,73694,87.0,42872943,Americas
Country 286,44016,86.2,22322887,Europe
Country 287,8400,77.9,34583268,Europe
Country 288,43642,78.0,20050738,Europe
Country 289,16151,80.0,14854511,Oceania
Country 290,52407,65.3,19044397,Americas
Country 291,67690,87.4,8618438,Europe
Country 292,5499,72.6,18383734,Africa
Country 293,7295,71.5,11922752,Africa
Country 294,60040,75.6,36263515,Oceania
Country 295,13183,61.4,9675105,Oceania
Country 296,30299,65.0,47598564,Asia
Country 297,13874,82.1,21704924,Asia
Country 298,33711,62.5,9985869,Asia
Country 299,6539,78.1,31895012,Oceania
Country 300,54351,67.4,41484749,Oceania
Country 301,62267,71.7,41885879,Oceania
Country 302,49354,68.7,47029309,Africa
Country 303,3557,70.7,46532054,Oceania
Country 304,39360,81.6,37500390,Africa
Country 305,83018,68.9,30042671,Asia
Country 306,3200,77.0,23903258,Asia
Country 307,69497,74.3,32519247,Asia
Country 308,47975,79.9,13739493,Europe
Country 309,22357,88.1,1315898,Europe
Country 310,78505,82.0,15968424,Americas
Country 311,3869,66.4,35724971,Americas
Country 312,62135,60.9,39551580,Americas
Country 313,51108,67.9,36835617,Europe
Country 314,95179,77.9,28949868,Europe
Country 315,91272,61.5,31102238,Americas
Country 316,39467,74.9,22750314,Americas
Country 317,24328,77.9,44659118,Oceania
Country 318,92412,70.0,17312030,Americas
Country 319,87831,83.1,25187138,Oceania
Country 320,4987,63.2,43219174,Africa
Country 321,59871,62.3,30829669,Europe
Country 322,23399,81.8,47239674,Americas
Country 323,47214,74.9,35204340,Europe
Country 324,87416,80.7,38914224,Europe
Country 325,71271,73.0,35958279,Europe
Country 326,45064,67.4,11068754,Africa
Country 327,71091,84.6,2942478,Asia
Country 328,41818,84.0,10881890,Americas
Country 329,46525,80.8,47055718,Asia
Country 330,20830,68.2,5999852,Asia
Country 331,18429,77.7,79725,Asia
Country 332,7893,70.8,48545982,Europe
Country 333,80909,62.7,9234536,Oceania
Country 334,48333,87.5,47816655,Europe
Country 335,4436,64.1,16463806,Europe
Country 336,75290,88.5,19798999,Asia
Country 337,77213,73.4,36267193,Europe
Country 338,6895,65.6,48013321,Asia
Country 339,20738,76.3,40128991,Oceania
Country 340,31746,86.2,31562427,Americas
Country 341,50377,82.0,33171540,Asia
Country 342,49404,84.2,27755858,Oceania
Country 343,55045,79.8,31982864,Americas
Country 344,98888,80.8,23363511,Africa
Country 345,40790,85.5,27769138,Asia
Country 346,6600,67.5,46733359,Asia
Country 347,95660,74.7,20736655,Africa
Country 348,94179,66.6,13776569,Africa
Country 349,41764,89.6,5677745,Asia
Country 350,75543,88.3,3961146,Africa
Country 351,46714,61.2,35311449,Europe
Country 352,57835,81.2,34293988,Americas
Country 353,74744,87.8,11295869,Americas
Country 354,57491,65.4,28441654,Americas
Country 355,19589,77.0,24115754,Europe
Country 356,44484,87.5,2303722,Africa
Country 357,83989,61.0,1699729,Oceania
Country 358,37212,80.9,1166271,Africa
Country 359,44525,68.9,10966876,Asia
Country 360,48202,87.7,32028888,Americas
Country 361,33635,89.1,31624515,Africa
Country 362,64208,88.3,36703987,Oceania
Country 363,34828,74.2,22511013,Asia
Country 364,19711,85.9,18508857,Europe
Country 365,4420,85.3,47254953,Europe
Country 366,97752,69.6,17493381,Oceania
Country 367,1301,84.9,19615579,Asia
Country 368,46236,61.1,48835616,Americas
Country 369,67235,77.9,47430429,Africa
Country 370,55240,66.9,21303537,Asia
Country 371,66726,63.6,37314820,Europe
Country 372,11492,62.3,36839624,Oceania
Country 373,7102,80.9,27983715,Oceania
Country 374,51336,70.2,26956511,Africa
Country 375,86314,81.7,35539522,Oceania
Country 376,27641,62.0,37541702,Oceania
Country 377,35584,69.5,6789013,Asia
Country 378,33745,76.2,7139975,Americas
Country 379,24093,83.7,8855586,Africa
Country 380,67105,69.6,38423507,Asia
Country 381,52885,78.8,44614078,Americas
Country 382,37631,86.6,47769804,Asia
Country 383,73991,78.5,11818963,Asia
Country 384,5014,67.0,14313315,Oceania
Country 385,12093,60.7,48135527,Americas
Country 386,19070,86.1,3918452,Africa
Country 387,36777,60.6,29221429,Africa
Country 388,57958,86.2,27416868,Americas
Country 389,83074,75.9,8124037,Oceania
Country 390,11729,88.2,34917175,Europe
Country 391,46017,84.0,27956918,Asia
Country 392,67320,89.9,13872356,Oceania
Country 393,28751,70.5,43920245,Americas
Country 394,79069,83.0,45727485,Asia
Country 395,55748,72.1,40612875,Africa
Country 396,6801,74.4,43331526,Europe
Country 397,20190,78.8,43470892,Africa
Country 398,50689,86.2,7353693,Americas
Country 399,51993,89.5,20042066,Asia
Country 400,30592,83.0,10158631,Americas
Country 401,11647,72.5,44663348,Asia
Country 402,9716,72.6,8033439,Oceania
Country 403,89891,82.1,28777993,Europe
Country 404,88545,67.2,25514695,Oceania
Country 405,90912,63.3,41872973,Oceania
Country 406,71316,70.6,9596263,Americas
Country 407,3368,68.6,19776497,Europe
Country 408,78575,68.9,24183277,Asia
Country 409,7655,67.0,34899361,Asia
Country 410,71031,61.3,36109026,Africa
Country 411,77429,60.5,18070510,Asia
Country 412,92083,89.6,31436811,Americas
Country 413,88922,72.8,41316066,Oceania
Country 414,56766,71.5,49401998,Oceania
Country 415,14403,80.4,36019234,Oceania
Country 416,33097,66.5,34047463,Europe
Country 417,79657,88.5,26306492,Asia
Country 418,11966,83.6,49657755,Americas
Country 419,94848,62.7,15713645,Europe
Country 420,53921,72.5,19617589,Africa
Country 421,50726,86.4,28899268,Americas
Country 422,51300,88.3,31682286,Americas
Country 423,23677,74.0,7111183,Americas
Country 424,56609,78.4,20114274,Oceania
Country 425,97825,65.0,11642111,Americas
Country 426,57661,89.7,29374003,Asia
Country 427,32024,67.0,340998,Americas
Country 428,71313,88.3,4905920,Oceania
Country 429,54006,79.5,6417712,Americas
Country 430,96285,78.2,45041633,Africa
Country 431,16338,75.4,8047043,Africa
Country 432,69027,66.9,231360,Oceania
Country 433,93772,65.3,19271242,Asia
Country 434,81135,66.6,19342635,Asia
Country 435,20508,65.6,5582410,Europe
Country 436,4051,83.4,4188286,Oceania
Country 437,49747,70.5,48318283,Americas
Country 438,88142,61.7,11081669,Oceania
Country 439,88235,89.1,8383100,Europe
Country 440,55021,86.5,6943728,Oceania
Country 441,67412,87.8,48056403,Oceania
Country 442,59335,89.8,18954815,Europe
Country 443,57179,65.2,27441022,Asia
Country 444,33093,71.9,38538026,Americas
Country 445,70678,82.7,15747605,Europe
Country 446,81738,80.9,29047166,Africa
Country 447,40734,64.6,37987226,Asia
Country 448,73615,84.5,24150710,Africa
Country 449,74523,66.7,40303576,Asia
Country 450,95476,66.7,41472223,Americas
Country 451,18019,76.1,13149507,Americas
Country 452,84613,77.8,12335500,Oceania
Country 453,92794,77.4,46851033,Africa
Country 454,87672,62.7,27478913,Asia
Country 455,74847,86.3,38894162,Americas
Country 456,83750,68.0,45455132,Europe
Country 457,80634,63.9,36843968,Americas
Country 458,29251,86.7,33057453,Europe
Country 459,26945,88.7,15391821,Asia
Country 460,91852,85.9,35930565,Americas
Country 461,33217,84.3,32029500,Americas
Country 462,9308,79.7,43732501,Asia
Country 463,6949,76.5,10588832,Americas
Country 464,52990,62.6,33301322,Europe
Country 465,2150,72.3,7998140,Americas
Country 466,90480,71.2,5770626,Africa
Country 467,75740,67.8,13704772,Oceania
Country 468,67617,81.7,39826146,Europe
Country 469,95841,74.9,39979257,Africa
Country 470,17896,62.4,38610290,Asia
Country 471,47175,66.6,33472637,Europe
Country 472,8805,80.5,29218537,Oceania
Country 473,6237,62.3,8271252,Oceania
Country 474,21056,85.5,37020303,Asia
Country 475,46543,74.9,24824704,Asia
Country 476,57556,74.4,21790617,Europe
Country 477,4343,77.8,12479667,Americas
Country 478,14500,84.7,36471189,Asia
Country 479,54222,70.4,26552745,Americas
Country 480,30375,80.3,10686547,Africa
Country 481,10662,77.0,12793293,Oceania
Country 482,17964,68.0,39517750,Americas
Country 483,60638,86.4,13537010,Oceania
Country 484,74666,83.9,46256264,Americas
Country 485,86067,79.8,30240179,Africa
Country 486,68215,85.5,44740216,Asia
Country 487,70042,86.0,11466757,Africa
Country 488,14284,81.3,27854333,Asia
Country 489,73789,85.1,3701387,Asia
Country 490,85664,80.9,27320507,Oceania
Country 491,94468,80.4,44520459,Africa
Country 492,62389,78.6,35316104,Americas
Country 493,10435,82.6,5955950,Africa
Country 494,55340,64.8,3262883,Oceania
Country 495,45078,86.4,3078631,Asia
Country 496,79832,86.2,14268200,Oceania
Country 497,52293,60.9,15037811,Europe
Country 498,96981,84.8,27786989,Europe
Country 499,79781,63.9,6473959,Americas
Country 500,61403,70.1,43771579,Oceania
Country 501,30124,82.3,4074733,Americas
Country 502,96435,64.8,21686437,Americas
Country 503,44919,84.5,43407062,Europe
Country 504,36247,85.0,42945286,Americas
Country 505,95758,75.2,69675,Europe
Country 506,92747,60.2,25289821,Asia
Country 507,63752,68.6,26183385,Oceania
Country 508,57573,78.5,27214495,Americas
Country 509,60101,89.4,40415237,Europe
Country 510,27646,79.0,30165806,Africa
Country 511,24049,67.8,4514344,Americas
Country 512,80605,79.0,47662108,Asia
Country 513,99116,76.2,10847637,Asia
Country 514,98379,83.4,12360059,Africa
Country 515,69385,63.2,616088,Europe
Country 516,41158,82.8,13777532,Americas
Country 517,66417,76.2,40163379,Europe
Country 518,24289,88.9,10201607,Asia
Country 519,10823,70.3,708003,Europe
Country 520,61160,79.0,44393121,Asia
Country 521,42975,88.0,855113,Europe
Country 522,10540,63.1,9372004,Africa
Country 523,17364,88.1,5078035,Oceania
Country 524,5611,80.6,11601409,Africa
Country 525,28663,62.0,20861680,Africa
Country 526,52991,69.0,26819370,Oceania
Country 527,58679,81.2,15483222,Oceania
Country 528,31977,62.0,35696533,Americas
Country 529,95704,77.5,39599566,Americas
Country 530,50115,70.4,10397918,Africa
Country 531,92007,78.6,26671905,Africa
Country 532,89223,61.4,32432711,Asia
Country 533,61890,86.1,6258714,Asia
Country 534,67387,89.2,44156899,Americas
Country 535,19071,89.1,12884263,Americas
Country 536,60275,82.5,30697215,Asia
Country 537,73369,63.9,12174052,Asia
Country 538,12938,82.7,23169273,Europe
Country 539,36195,60.7,27808455,Europe
Country 540,92680,60.7,43677391,Asia
Country 541,5000,69.7,43455476,Europe
Country 542,71588,74.7,46439268,Oceania
Country 543,94610,83.1,28096417,Americas
Country 544,98856,80.5,18690452,Americas
Country 545,39304,73.4,27562406,Asia
Country 546,70449,68.2,45566505,Africa
Country 547,83986,89.9,15901428,Asia
Country 548,90643,72.8,12205863,Europe
Country 549,21764,73.5,43592832,Africa
Country 550,87027,64.9,46467810,Europe
Country 551,39494,83.8,14031528,Oceania
Country 552,4373,80.8,41006756,Europe
Country 553,13161,66.6,24773448,Oceania
Country 554,98532,62.5,47897868,Oceania
Country 555,93658,80.4,20325624,Europe
Country 556,28350,79.6,27581424,Europe
Country 557,94008,68.2,45670401,Oceania
Country 558,95297,88.5,5453252,Africa
Country 559,26351,64.5,28254739,Oceania
Country 560,89668,73.0,4201785,Americas
Country 561,16305,88.3,46071624,Oceania
Country 562,76353,72.6,29539478,Africa
Country 563,77797,79.2,33404320,Americas
Country 564,66953,71.9,23216524,Asia
Country 565,58458,68.2,37242252,Asia
Country 566,21358,89.5,3334321,Africa
Country 567,4267,72.3,17506057,Oceania
Country 568,83745,86.8,48565114,Europe
Country 569,90588,66.9,22247928,Africa
Country 570,39513,66.4,44932342,Americas
Country 571,27092,60.9,20279717,Americas
Country 572,12338,79.6,8483840,Asia
Country 573,1412,71.1,15190449,Americas
Country 574,8543,85.9,15513365,Africa
Country 575,34496,74.2,31820093,Americas
Country 576,61692,89.0,22279189,Africa
Country 577,90084,65.6,13659569,Europe
Country 578,93920,86.1,1429904,Asia
Country 579,45425,83.3,29064857,Americas
Country 580,39756,83.1,40957604,Africa
Country 581,19888,85.3,1487188,Oceania
Country 582,36735,82.8,35260753,Asia
Country 583,48295,78.8,34143077,Europe
Country 584,84042,63.9,26787775,Africa
Country 585,86999,61.0,16424601,Europe
Country 586,18955,87.6,39437233,Europe
Country 587,38841,78.5,11268063,Americas
Country 588,71640,83.9,23739071,Americas
Country 589,66510,74.4,30274818,Africa
Country 590,35911,63.5,44496332,Oceania
Country 591,60031,63.8,40154523,Africa
Country 592,89726,80.6,24617790,Oceania
Country 593,8357,72.9,11049077,Europe
Country 594,33479,66.0,40975115,Asia
Country 595,62476,74.7,26313177,Africa
Country 596,45811,61.9,40043954,Africa
Country 597,37208,77.5,21875215,Oceania
Country 598,21150,68.1,21645966,Europe
Country 599,72180,83.9,37076182,Europe
Country 600,44286,69.3,36369763,Oceania
Country 601,69450,73.7,9026766,Europe
Country 602,22352,60.3,36235155,Americas
Country 603,56069,62.2,29047485,Asia
Country 604,15397,71.8,17692355,Africa
Country 605,42555,74.4,16202789,Asia
Country 606,47959,78.0,10017246,Africa
Country 607,1728,68.7,7593159,Americas
Country 608,51517,80.8,5434935,Europe
Country 609,67234,85.8,12205092,Oceania
Country 610,40954,83.4,14564254,Americas
Country 611,48280,61.2,19728933,Asia
Country 612,80459,74.4,23113155,Oceania
Country 613,17779,63.1,48168363,Europe
Country 614,64932,67.3,23643741,Americas
Country 615,73936,89.6,19038954,Oceania
Country 616,25466,64.3,39297228,Americas
Country 617,37939,75.0,2689929,Americas
Country 618,70896,78.5,3183211,Europe
Country 619,36270,81.1,27484009,Africa
Country 620,60163,76.8,47748800,Oceania
Country 621,83637,60.3,49624334,Europe
Country 622,52934,69.8,24267665,Americas
Country 623,65895,75.5,11666152,Europe
Country 624,33307,62.6,1776199,Africa
Country 625,55098,70.5,46463053,Oceania
Country 626,61921,61.0,12806935,Africa
Country 627,6486,62.4,5121915,Asia
Country 628,9335,71.9,32055216,Oceania
Country 629,87900,64.0,493945,Africa
Country 630,90112,77.0,6360114,Americas
Country 631,98203,80.7,2326787,Oceania
Country 632,12130,84.0,41295272,Oceania
Country 633,88508,66.0,29068490,Europe
Country 634,61566,65.0,23328769,Americas
Country 635,67703,63.1,42943202,Asia
Country 636,28192,79.1,15392276,Africa
Country 637,2062,81.2,48804994,Europe
Country 638,85076,60.9,34879066,Africa
Country 639,90780,88.1,2805063,Asia
Country 640,22545,61.6,33141145,Asia
Country 641,22689,76.2,1278807,Oceania
Country 642,12174,81.3,25338599,Asia
Country 643,89461,86.1,49890603,Africa
Country 644,10348,81.4,32184440,Americas
Country 645,24714,84.1,46507316,Americas
Country 646,39102,70.2,41206180,Oceania
Country 647,75460,84.4,4513158,Africa
Country 648,90930,62.4,8853208,Africa
Country 649,7801,86.8,23008638,Asia
Country 650,73267,76.4,35873502,Africa
Country 651,49136,84.5,38017791,Europe
Country 652,24625,73.6,27249725,Asia
Country 653,83873,79.3,7690167,Europe
Country 654,73592,75.8,19658785,Oceania
Country 655,78052,81.9,7372153,Americas
Country 656,45261,62.4,43441803,Oceania
Country 657,2542,61.8,36123939,Americas
Country 658,22677,67.4,47059221,Oceania
Country 659,47732,64.8,42073297,Africa
Country 660,51343,86.2,18353750,Europe
Country 661,40081,66.6,17651359,Americas
Country 662,63856,89.3,16051900,Asia
Country 663,94105,70.1,28230762,Europe
Country 664,89858,65.5,48495041,Asia
Country 665,20065,83.7,30334261,Europe
Country 666,84460,79.8,421616,Europe
Country 667,89092,74.9,18787371,Oceania
Country 668,55693,76.7,9213766,Americas
Country 669,27962,81.6,18596183,Americas
Country 670,29295,66.9,14501300,Europe
Country 671,14807,89.9,33883647,Africa
Country 672,43348,89.2,49353146,Africa
Country 673,27432,79.5,2893236,Asia
Country 674,84285,66.0,12176467,Asia
Country 675,92792,80.4,7429933,Oceania
Country 676,58854,62.2,25489173,Europe
Country 677,41262,60.9,22981189,Asia
Country 678,38080,67.7,31903087,Asia
Country 679,2324,73.9,35565016,Europe
Country 680,92267,86.0,28948827,Oceania
Country 681,36909,81.8,23050970,Asia
Country 682,90339,82.3,22412925,Oceania
Country 683,20870,72.8,30831302,Americas
Country 684,35578,70.4,17405904,Oceania
Country 685,73124,71.1,49489294,Africa
Country 686,27790,89.6,4276156,Africa
Country 687,26289,61.2,27690477,Oceania
Country 688,56129,86.0,41587804,Africa
Country 689,94714,77.4,45195249,Americas
Country 690,95246,73.2,41732179,Europe
Country 691,16485,81.8,29804469,Africa
Country 692,45482,74.6,47434057,Africa
Country 693,87188,86.2,24164910,Oceania
Country 694,5748,87.0,25748550,Americas
Country 695,87769,72.7,20779471,Europe
Country 696,10435,68.3,2642536,Oceania
Country 697,4709,77.8,44968675,Oceania
Country 698,31355,87.4,28516841,Americas
Country 699,56771,66.3,5554381,Europe
Country 700,58799,78.7,17346381,Americas
Country 701,14116,78.9,20268082,Europe
Country 702,26470,82.0,37482795,Americas
Country 703,43344,63.9,28240067,Oceania
Country 704,43918,81.5,41040129,Oceania
Country 705,53224,87.3,5948885,Asia
Country 706,40298,65.4,30620706,Africa
Country 707,81219,67.1,41206155,Americas
Country 708,62629,89.1,7996155,Asia
Country 709,67040,65.4,15900872,Africa
Country 710,29016,85.6,10434778,Americas
Country 711,24960,74.8,45881617,Europe
Country 712,34591,67.4,39292670,Africa
Country 713,83848,86.1,47478971,Oceania
Country 714,68641,73.4,26421947,Asia
Country 715,37395,75.4,6753560,Africa
Country 716,23700,70.8,18612775,Africa
Country 717,35620,77.8,42301489,Oceania
Country 718,21559,64.9,29062949,Americas
Country 719,94045,71.7,583634,Europe
Country 720,94396,89.1,20759963,Oceania
Country 721,62642,67.7,30471467,Europe
Country 722,77539,79.7,42183277,Americas
Country 723,22732,69.8,8152873,Africa
Country 724,92362,83.2,42849087,Europe
Country 725,31354,63.9,38228068,Asia
Country 726,14843,89.1,15375339,Asia
Country 727,72726,73.6,38938665,Oceania
Country 728,18640,67.1,29631501,Americas
Country 729,53528,62.2,1456368,Oceania
Country 730,39413,65.1,23668516,Oceania
Country 731,53638,75.6,5835267,Oceania
Country 732,53736,70.1,18051960,Asia
Country 733,69866,84.9,22797442,Asia
Country 734,20087,72.9,16200865,Oceania
Country 735,42430,67.5,18958234,Asia
Country 736,25504,78.5,45244168,Americas
Country 737,8114,81.2,49672191,Oceania
Country 738,79859,65.0,37093861,Asia
Country 739,11975,65.0,15916128,Europe
Country 740,12023,61.1,40082875,Oceania
Country 741,22447,82.1,10947034,Oceania
Country 742,91469,79.9,44524126,Americas
Country 743,24959,74.2,17121962,Africa
Country 744,67203,85.3,39315186,Africa
Country 745,30703,84.2,5482019,Americas
Country 746,10337,77.6,21180108,Americas
Country 747,47427,86.0,18529375,Americas
Country 748,62529,66.2,10442034,Africa
Country 749,85665,63.4,16444487,Americas
Country 750,32921,68.1,30721003,Asia
Country 751,34307,61.7,42116990,Oceania
Country 752,28355,75.9,12962550,Oceania
Country 753,5835,88.1,46787861,Europe
Country 754,21159,61.2,36254667,Europe
Country 755,48605,63.7,31693648,Oceania
Country 756,39088,73.6,38344471,Asia
Country 757,79752,88.0,43733574,Africa
Country 758,56284,69.5,9743374,Africa
Country 759,58043,75.2,28613971,Asia
Country 760,36547,61.2,30164233,Africa
Country 761,98007,64.5,36280949,Americas
Country 762,83844,89.6,4357086,Oceania
Country 763,28532,89.0,40935438,Oceania
Country 764,35349,60.1,25843044,Asia
Country 765,46445,88.6,8379442,Africa
Country 766,6713,79.2,30421444,Europe
Country 767,57178,86.0,8881924,Europe
Country 768,50407,73.6,39772995,Africa
Country 769,71340,75.5,3506653,Europe
Country 770,51990,74.7,1938806,Asia
Country 771,76672,80.0,45237464,Asia
Country 772,66545,64.2,30962354,Africa
Country 773,85791,60.9,37566108,Europe
Country 774,59141,69.2,35364894,Asia
Country 775,24793,81.1,44231713,Asia
Country 776,57570,66.1,43616194,Americas
Country 777,96084,80.2,4108848,Americas
Country 778,38892,89.1,859178,Asia
Country 779,2015,62.8,6984106,Africa
Country 780,62813,80.2,41090759,Oceania
Country 781,28712,73.3,19389821,Oceania
Country 782,9415,86.0,31116661,Asia
Country 783,63292,65.3,34325469,Asia
Country 784,24833,80.8,22334899,Asia
Country 785,5158,85.1,28448068,Africa
Country 786,63680,88.3,16580109,Americas
Country 787,21309,80.5,23245170,Asia
Country 788,7970,74.9,28015074,Asia
Country 789,73474,78.5,34625901,Europe
Country 790,87704,86.1,23583566,Africa
Country 791,47540,77.1,5829277,Asia
Country 792,21384,60.9,44374346,Europe
Country 793,19017,87.9,2942371,Oceania
Country 794,76880,80.7,10250944,Asia
Country 795,9702,80.3,46326888,Asia
Country 796,1384,66.5,23797415,Europe
Country 797,1404,79.8,49656925,Africa
Country 798,41943,71.8,10589669,Asia
Country 799,48926,79.5,19649352,Oceania
Country 800,30189,63.2,47158178,Asia
Country 801,13763,79.7,17342909,Oceania
Country 802,19384,90.0,19463938,Americas
Country 803,61100,61.4,17066233,Americas
Country 804,99142,89.3,34546200,Oceania
Country 805,10860,72.2,48737387,Africa
Country 806,81642,86.1,10278691,Asia
Country 807,51612,83.5,41648278,Asia
Country 808,24574,77.0,34070414,Americas
Country 809,24524,82.2,33877578,Oceania
Country 810,70172,86.4,13957579,Asia
Country 811,11916,72.1,5503174,Asia
Country 812,5809,69.8,6174152,Africa
Country 813,33201,80.0,1214795,Europe
Country 814,54330,84.2,43382370,Americas
Country 815,14456,82.9,13817053,Americas
Country 816,57397,83.9,2459381,Europe
Country 817,39765,73.1,46745860,Asia
Country 818,35816,84.5,40630924,Africa
Country 819,46106,63.6,25136627,Africa
Country 820,54932,76.3,12009207,Americas
Country 821,18100,60.2,32343149,Africa
Country 822,58091,69.7,20110832,Europe
Country 823,22949,71.0,127175,Asia
Country 824,71080,71.9,11124355,Europe
Country 825,38744,80.9,18906024,Oceania
Country 826,46543,71.7,19839002,Americas
Country 827,93193,73.5,1608242,Africa
Country 828,37187,67.1,32698168,Oceania
Country 829,8239,71.2,13124362,Africa
Country 830,15489,66.8,49425565,Asia
Country 831,59017,62.2,37923885,Asia
Country 832,62877,78.1,21775224,Asia
Country 833,44125,80.0,5495315,Africa
Country 834,50922,78.6,8602442,Oceania
Country 835,95074,73.9,9668395,Asia
Country 836,33049,71.4,36616791,Oceania
Country 837,38131,85.9,9764177,Africa
Country 838,43944,75.6,49676984,Oceania
Country 839,74963,74.4,9855436,Africa
Country 840,25285,60.8,7254776,Africa
Country 841,38626,70.2,20036039,Americas
Country 842,43808,71.4,5101646,Africa
Country 843,89464,72.0,3675654,Africa
Country 844,54871,77.4,335711,Europe
Country 845,20198,76.0,22105388,Asia
Country 846,20758,78.2,43116429,Americas
Country 847,16254,82.9,17403135,Americas
Country 848,45238,84.4,14739949,Americas
Country 849,2252,81.5,31435867,Europe
Country 850,40764,88.7,20158322,Africa
Country 851,78709,60.5,9291354,Asia
Country 852,38441,65.9,47563151,Oceania
Country 853,93234,60.2,34026813,Africa
Country 854,54682,79.4,46647588,Europe
Country 855,60494,86.9,25049678,Africa
Country 856,82317,67.3,11109860,Africa
Country 857,66215,87.8,4950164,Europe
Country 858,79587,61.8,9959551,Americas
Country 859,7949,88.0,14002275,Americas
Country 860,56393,70.5,6386356,Asia
Country 861,74553,63.0,22506258,Asia
Country 862,7941,74.6,17228283,Americas
Country 863,26934,67.7,23921392,Oceania
Country 864,24386,68.5,13754180,Africa
Country 865,62886,69.2,510796,Oceania
Country 866,76745,84.1,41345048,Africa
Country 867,84251,76.2,14553356,Americas
Country 868,95456,69.3,6044376,Asia
Country 869,54413,78.3,39462770,Asia
Country 870,57800,81.5,5039904,Oceania
Country 871,98239,68.2,9442609,Asia
Country 872,43318,72.4,17139239,Americas
Country 873,71173,63.7,11644207,Oceania
Country 874,71390,65.4,39874448,Africa
Country 875,53329,80.4,40925015,Asia
Country 876,44088,65.4,7872636,Europe
Country 877,40811,75.8,29901990,Asia
Country 878,56479,81.3,36782334,Africa
Country 879,86392,63.2,17582327,Oceania
Country 880,88369,77.0,19147931,Africa
Country 881,20963,67.7,19062021,Europe
Country 882,56123,88.9,48618493,Americas
Country 883,93705,74.5,35503486,Asia
Country 884,74477,84.2,35154616,Oceania
Country 885,15388,76.5,8203113,Americas
Country 886,6569,61.3,36877955,Africa
Country 887,70836,79.0,25304492,Oceania
Country 888,37586,88.5,45612388,Americas
Country 889,13015,78.0,27140738,Oceania
Country 890,46002,84.6,33319285,Europe
Country 891,7254,86.5,32486728,Europe
Country 892,18144,66.8,13186003,Asia
Country 893,25214,66.4,19597958,Asia
Country 894,81719,78.3,28798123,Europe
Country 895,72774,72.3,45038955,Oceania
Country 896,7090,85.2,40900837,Europe
Country 897,12637,87.0,23673755,Asia
Country 898,23415,70.6,14189308,Europe
Country 899,25071,67.1,8709522,Europe
Country 900,59243,83.4,49868453,Oceania
Country 901,42240,68.2,25578279,Americas
Country 902,84807,84.7,29689841,Asia
Country 903,34434,72.7,17861802,Oceania
Country 904,70724,80.0,39644934,Europe
Country 905,76697,62.9,26962512,Europe
Country 906,29732,78.7,14369175,Americas
Country 907,12314,73.6,39151526,Asia
Country 908,24954,77.6,3150581,Asia
Country 909,58108,65.0,36266069,Africa
Country 910,88044,82.1,3722277,Asia
Country 911,88505,85.9,18911720,Americas
Country 912,37668,66.5,12595745,Africa
Country 913,24061,62.9,10693344,Africa
Country 914,80252,60.7,36625804,Europe
Country 915,40749,79.3,16127579,Europe
Country 916,17907,78.2,44381269,Asia
Country 917,19777,76.4,4904042,Africa
Country 918,94229,67.0,19298594,Europe
Country 919,52745,71.7,48107723,Americas
Country 920,92865,77.8,3880121,Europe
Country 921,82818,74.9,12001552,Europe
Country 922,24624,89.6,13888428,Africa
Country 923,24321,64.1,18180540,Africa
Country 924,11488,80.9,36976887,Oceania
Country 925,23574,72.1,4318173,Americas
Country 926,6240,72.8,6084722,Africa
Country 927,44221,81.5,42862847,Asia
Country 928,11478,80.8,23837347,Americas
Country 929,56645,89.7,16661127,Americas
Country 930,20262,63.9,4120028,Africa
Country 931,53796,63.1,24778252,Americas
Country 932,5432,81.7,23697205,Africa
Country 933,96257,77.4,44657536,Europe
Country 934,65291,68.2,32966781,Oceania
Country 935,80104,62.4,11310784,Europe
Country 936,60399,62.6,1419277,Africa
Country 937,80714,86.8,22349783,Africa
Country 938,51428,65.8,23549306,Europe
Country 939,88731,69.7,799971,Asia
Country 940,1302,66.8,15761072,Asia
Country 941,83558,70.6,46159273,Asia
Country 942,1055,62.1,41826934,Africa
Country 943,9717,75.6,24577188,Americas
Country 944,29699,62.0,4510276,Africa
Country 945,74686,84.0,41061120,Americas
Country 946,68661,67.0,26557881,Europe
Country 947,45247,76.2,42478797,Oceania
Country 948,17748,86.4,27495000,Americas
Country 949,5621,79.5,18012327,Asia
Country 950,16034,76.0,38566260,Africa
Country 951,6126,69.7,14276224,Europe
Country 952,6122,70.0,33084792,Asia
Country 953,19030,80.1,24559968,Europe
Country 954,83838,89.8,19220135,Oceania
Country 955,85717,79.9,1550948,Africa
Country 956,56658,76.7,6377090,Africa
Country 957,39638,81.9,20935050,Oceania
Country 958,68067,74.0,31884022,Africa
Country 959,89869,61.8,39441628,Americas
Country 960,35674,76.9,15276559,Europe
Country 961,36854,88.7,36307426,Asia
Country 962,47271,65.3,27920540,Oceania
Country 963,74688,80.7,32484302,Americas
Country 964,39518,66.0,39162237,Asia
Country 965,11267,76.1,38506876,Asia
Country 966,91825,62.9,17019728,Oceania
Country 967,2062,73.5,47768418,Americas
Country 968,51448,82.7,20541595,Asia
Country 969,96462,70.4,31225239,Asia
Country 970,7229,79.9,5895447,Americas
Country 971,57793,83.9,46897988,Africa
Country 972,48915,87.8,35153852,Asia
Country 973,5632,67.0,11787532,Europe
Country 974,4596,72.0,48541820,Americas
Country 975,7168,64.6,8362934,Asia
Country 976,8561,89.8,3950379,Oceania
Country 977,74794,87.8,37408841,Europe
Country 978,83152,76.2,11403540,Asia
Country 979,27734,85.3,6772055,Europe
Country 980,7371,75.6,15106024,Europe
Country 981,27069,78.7,49018538,Africa
Country 982,80905,62.7,9085949,Europe
Country 983,13910,82.7,18348198,Africa
Country 984,74479,63.8,32722748,Americas
Country 985,78735,84.8,6331646,Africa
Country 986,82264,83.5,40030720,Oceania
Country 987,24275,81.3,43194878,Asia
Country 988,73274,61.1,28801505,Americas
Country 989,82449,69.1,22008593,Americas
Country 990,61004,67.9,38885523,Oceania
Country 991,63981,70.8,38012717,Africa
Country 992,85659,62.6,14995952,Asia
Country 993,55553,88.1,13413838,Africa
Country 994,49447,76.6,27600115,Europe
Country 995,35529,69.2,41616801,Africa
Country 996,76703,71.9,11094590,Americas
Country 997,77090,73.4,11683575,Asia
Country 998,18260,78.0,5109667,Africa
Country 999,4812,75.5,41695168,Asia
Country 1000,29024,87.6,36590128,Asia
